TpTrace Verbose: 0 : 19880, 2, 2026/05/10, 15:49:19.015, 14710871799605, vstest.console.dll, Version: 17.14.1-release-25428-01 Current process architecture: X64
TpTrace Verbose: 0 : 19880, 2, 2026/05/10, 15:49:19.017, 14710871828037, vstest.console.dll, Runtime location: C:\Program Files\dotnet\shared\Microsoft.NETCore.App\9.0.15
TpTrace Information: 0 : 19880, 2, 2026/05/10, 15:49:19.019, 14710871844581, vstest.console.dll, Using .Net Framework version:.NETCoreApp,Version=v9.0
TpTrace Verbose: 0 : 19880, 2, 2026/05/10, 15:49:19.019, 14710871845660, vstest.console.dll, ArtifactProcessingPostProcessModeProcessorExecutor.Initialize: ArtifactProcessingMode.Collect
TpTrace Verbose: 0 : 19880, 2, 2026/05/10, 15:49:19.019, 14710871846453, vstest.console.dll, TestSessionCorrelationIdProcessorModeProcessorExecutor.Initialize: TestSessionCorrelationId '13232_f41bc79e-8f5c-4824-906a-e64ec4820fd9'
TpTrace Information: 0 : 19880, 2, 2026/05/10, 15:49:19.022, 14710871876189, vstest.console.dll, FilePatternParser: The given file C:\src\ElBruno.NetAgent\tests\ElBruno.NetAgent.Tests\bin\Release\net9.0-windows\ElBruno.NetAgent.Tests.dll is a full path.
TpTrace Verbose: 0 : 19880, 2, 2026/05/10, 15:49:19.026, 14710871919000, vstest.console.dll, TestPluginCache.DiscoverTestExtensions: finding test extensions in assemblies ends with: RuntimeProvider.dll TPluginInfo: Microsoft.VisualStudio.TestPlatform.Common.ExtensionFramework.Utilities.TestRuntimePluginInformation TExtension: Microsoft.VisualStudio.TestPlatform.ObjectModel.Host.ITestRuntimeProvider
TpTrace Verbose: 0 : 19880, 2, 2026/05/10, 15:49:19.027, 14710871921696, vstest.console.dll, TestPluginCache.GetExtensionPaths: Filtered extension paths: 
TpTrace Verbose: 0 : 19880, 2, 2026/05/10, 15:49:19.027, 14710871922411, vstest.console.dll, TestPluginCache.GetExtensionPaths: Added default extension paths: C:\Program Files\dotnet\sdk\9.0.313\Extensions\Microsoft.Diagnostics.NETCore.Client.dll
C:\Program Files\dotnet\sdk\9.0.313\Extensions\Microsoft.TestPlatform.Extensions.BlameDataCollector.dll
C:\Program Files\dotnet\sdk\9.0.313\Extensions\Microsoft.TestPlatform.Extensions.EventLogCollector.dll
C:\Program Files\dotnet\sdk\9.0.313\Extensions\Microsoft.TestPlatform.TestHostRuntimeProvider.dll
C:\Program Files\dotnet\sdk\9.0.313\Extensions\Microsoft.VisualStudio.TestPlatform.Extensions.Html.TestLogger.dll
C:\Program Files\dotnet\sdk\9.0.313\Extensions\Microsoft.VisualStudio.TestPlatform.Extensions.Trx.TestLogger.dll
TpTrace Verbose: 0 : 19880, 2, 2026/05/10, 15:49:19.027, 14710871922771, vstest.console.dll, TestPluginCache.GetExtensionPaths: Added unfilterableExtensionPaths: 
TpTrace Information: 0 : 19880, 2, 2026/05/10, 15:49:19.027, 14710871927371, vstest.console.dll, AssemblyResolver.ctor: Creating AssemblyResolver with searchDirectories C:\Program Files\dotnet\sdk\9.0.313\Extensions,C:\Program Files\dotnet\sdk\9.0.313
TpTrace Verbose: 0 : 19880, 2, 2026/05/10, 15:49:19.029, 14710871942635, vstest.console.dll, TestPluginCache.DiscoverTestExtensions: Discovering the extensions using extension path.
TpTrace Verbose: 0 : 19880, 2, 2026/05/10, 15:49:19.029, 14710871943742, vstest.console.dll, TestPluginCache.GetExtensionPaths: Filtered extension paths: 
TpTrace Verbose: 0 : 19880, 2, 2026/05/10, 15:49:19.029, 14710871944099, vstest.console.dll, TestPluginCache.GetExtensionPaths: Added default extension paths: C:\Program Files\dotnet\sdk\9.0.313\Extensions\Microsoft.Diagnostics.NETCore.Client.dll
C:\Program Files\dotnet\sdk\9.0.313\Extensions\Microsoft.TestPlatform.Extensions.BlameDataCollector.dll
C:\Program Files\dotnet\sdk\9.0.313\Extensions\Microsoft.TestPlatform.Extensions.EventLogCollector.dll
C:\Program Files\dotnet\sdk\9.0.313\Extensions\Microsoft.TestPlatform.TestHostRuntimeProvider.dll
C:\Program Files\dotnet\sdk\9.0.313\Extensions\Microsoft.VisualStudio.TestPlatform.Extensions.Html.TestLogger.dll
C:\Program Files\dotnet\sdk\9.0.313\Extensions\Microsoft.VisualStudio.TestPlatform.Extensions.Trx.TestLogger.dll
TpTrace Verbose: 0 : 19880, 2, 2026/05/10, 15:49:19.029, 14710871944338, vstest.console.dll, TestPluginCache.GetExtensionPaths: Added unfilterableExtensionPaths: 
TpTrace Verbose: 0 : 19880, 2, 2026/05/10, 15:49:19.029, 14710871945310, vstest.console.dll, TestPluginCache.DiscoverTestExtensions: Discovering the extensions using allExtensionPaths: C:\Program Files\dotnet\sdk\9.0.313\Extensions\Microsoft.Diagnostics.NETCore.Client.dll
C:\Program Files\dotnet\sdk\9.0.313\Extensions\Microsoft.TestPlatform.Extensions.BlameDataCollector.dll
C:\Program Files\dotnet\sdk\9.0.313\Extensions\Microsoft.TestPlatform.Extensions.EventLogCollector.dll
C:\Program Files\dotnet\sdk\9.0.313\Extensions\Microsoft.TestPlatform.TestHostRuntimeProvider.dll
C:\Program Files\dotnet\sdk\9.0.313\Extensions\Microsoft.VisualStudio.TestPlatform.Extensions.Html.TestLogger.dll
C:\Program Files\dotnet\sdk\9.0.313\Extensions\Microsoft.VisualStudio.TestPlatform.Extensions.Trx.TestLogger.dll
TpTrace Information: 0 : 19880, 2, 2026/05/10, 15:49:19.029, 14710871946230, vstest.console.dll, AssemblyResolver.AddSearchDirectories: Adding more searchDirectories C:\Program Files\dotnet\sdk\9.0.313\Extensions,C:\Program Files\dotnet\sdk\9.0.313
TpTrace Information: 0 : 19880, 2, 2026/05/10, 15:49:19.029, 14710871946675, vstest.console.dll, AssemblyResolver.AddSearchDirectories: Adding more searchDirectories C:\Program Files\dotnet\sdk\9.0.313\Extensions,C:\Program Files\dotnet\sdk\9.0.313
TpTrace Information: 0 : 19880, 2, 2026/05/10, 15:49:19.029, 14710871946936, vstest.console.dll, AssemblyResolver.AddSearchDirectories: Adding more searchDirectories C:\Program Files\dotnet\sdk\9.0.313\Extensions,C:\Program Files\dotnet\sdk\9.0.313
TpTrace Information: 0 : 19880, 2, 2026/05/10, 15:49:19.029, 14710871947151, vstest.console.dll, AssemblyResolver.AddSearchDirectories: Adding more searchDirectories C:\Program Files\dotnet\sdk\9.0.313\Extensions,C:\Program Files\dotnet\sdk\9.0.313
TpTrace Information: 0 : 19880, 2, 2026/05/10, 15:49:19.029, 14710871947424, vstest.console.dll, AssemblyResolver.AddSearchDirectories: Adding more searchDirectories C:\Program Files\dotnet\sdk\9.0.313\Extensions,C:\Program Files\dotnet\sdk\9.0.313
TpTrace Information: 0 : 19880, 2, 2026/05/10, 15:49:19.029, 14710871947666, vstest.console.dll, AssemblyResolver.AddSearchDirectories: Adding more searchDirectories C:\Program Files\dotnet\sdk\9.0.313\Extensions,C:\Program Files\dotnet\sdk\9.0.313
TpTrace Information: 0 : 19880, 2, 2026/05/10, 15:49:19.030, 14710871951573, vstest.console.dll, AssemblyResolver.OnResolve: Microsoft.Diagnostics.NETCore.Client: Resolving assembly.
TpTrace Information: 0 : 19880, 2, 2026/05/10, 15:49:19.030, 14710871952284, vstest.console.dll, AssemblyResolver.OnResolve: Microsoft.Diagnostics.NETCore.Client: Searching in: 'C:\Program Files\dotnet\sdk\9.0.313\Extensions'.
TpTrace Information: 0 : 19880, 2, 2026/05/10, 15:49:19.037, 14710872027779, vstest.console.dll, AssemblyResolver.OnResolve: Microsoft.Diagnostics.NETCore.Client: Loading assembly 'C:\Program Files\dotnet\sdk\9.0.313\Extensions\Microsoft.Diagnostics.NETCore.Client.dll'.
TpTrace Information: 0 : 19880, 2, 2026/05/10, 15:49:19.038, 14710872034080, vstest.console.dll, AssemblyResolver.OnResolve: Resolved assembly: Microsoft.Diagnostics.NETCore.Client, from path: C:\Program Files\dotnet\sdk\9.0.313\Extensions\Microsoft.Diagnostics.NETCore.Client.dll
TpTrace Verbose: 0 : 19880, 2, 2026/05/10, 15:49:19.039, 14710872043118, vstest.console.dll, MetadataReaderExtensionsHelper: Discovering extensions inside assembly 'Microsoft.Diagnostics.NETCore.Client, Version=0.2.12.17301, Culture=neutral, PublicKeyToken=31bf3856ad364e35' file path 'C:\Program Files\dotnet\sdk\9.0.313\Extensions\Microsoft.Diagnostics.NETCore.Client.dll'
TpTrace Information: 0 : 19880, 2, 2026/05/10, 15:49:19.040, 14710872056792, vstest.console.dll, AssemblyResolver.OnResolve: Microsoft.Bcl.AsyncInterfaces: Resolving assembly.
TpTrace Information: 0 : 19880, 2, 2026/05/10, 15:49:19.040, 14710872057414, vstest.console.dll, AssemblyResolver.OnResolve: Microsoft.Bcl.AsyncInterfaces: Searching in: 'C:\Program Files\dotnet\sdk\9.0.313\Extensions'.
TpTrace Information: 0 : 19880, 2, 2026/05/10, 15:49:19.040, 14710872058562, vstest.console.dll, AssemblyResolver.OnResolve: Microsoft.Bcl.AsyncInterfaces: Assembly path does not exist: 'C:\Program Files\dotnet\sdk\9.0.313\Extensions\Microsoft.Bcl.AsyncInterfaces.dll', returning.
TpTrace Information: 0 : 19880, 2, 2026/05/10, 15:49:19.040, 14710872059160, vstest.console.dll, AssemblyResolver.OnResolve: Microsoft.Bcl.AsyncInterfaces: Assembly path does not exist: 'C:\Program Files\dotnet\sdk\9.0.313\Extensions\Microsoft.Bcl.AsyncInterfaces.exe', returning.
TpTrace Information: 0 : 19880, 2, 2026/05/10, 15:49:19.041, 14710872059448, vstest.console.dll, AssemblyResolver.OnResolve: Microsoft.Bcl.AsyncInterfaces: Searching in: 'C:\Program Files\dotnet\sdk\9.0.313'.
TpTrace Information: 0 : 19880, 2, 2026/05/10, 15:49:19.041, 14710872060038, vstest.console.dll, AssemblyResolver.OnResolve: Microsoft.Bcl.AsyncInterfaces: Assembly path does not exist: 'C:\Program Files\dotnet\sdk\9.0.313\Microsoft.Bcl.AsyncInterfaces.dll', returning.
TpTrace Information: 0 : 19880, 2, 2026/05/10, 15:49:19.041, 14710872060519, vstest.console.dll, AssemblyResolver.OnResolve: Microsoft.Bcl.AsyncInterfaces: Assembly path does not exist: 'C:\Program Files\dotnet\sdk\9.0.313\Microsoft.Bcl.AsyncInterfaces.exe', returning.
TpTrace Information: 0 : 19880, 2, 2026/05/10, 15:49:19.041, 14710872060781, vstest.console.dll, AssemblyResolver.OnResolve: Microsoft.Bcl.AsyncInterfaces: Failed to load assembly.
TpTrace Verbose: 0 : 19880, 2, 2026/05/10, 15:49:19.041, 14710872061053, vstest.console.dll, CurrentDomainAssemblyResolve: Resolving assembly 'Microsoft.Bcl.AsyncInterfaces'.
TpTrace Information: 0 : 19880, 2, 2026/05/10, 15:49:19.041, 14710872061553, vstest.console.dll, AssemblyResolver.OnResolve: Microsoft.Bcl.AsyncInterfaces: Resolving assembly.
TpTrace Information: 0 : 19880, 2, 2026/05/10, 15:49:19.041, 14710872061863, vstest.console.dll, AssemblyResolver.OnResolve: Microsoft.Bcl.AsyncInterfaces: Resolved from cache.
TpTrace Verbose: 0 : 19880, 2, 2026/05/10, 15:49:19.041, 14710872062083, vstest.console.dll, CurrentDomainAssemblyResolve: Resolving assembly 'Microsoft.Bcl.AsyncInterfaces'.
TpTrace Verbose: 0 : 19880, 2, 2026/05/10, 15:49:19.041, 14710872062317, vstest.console.dll, CurrentDomainAssemblyResolve: Failed to resolve assembly 'Microsoft.Bcl.AsyncInterfaces'.
TpTrace Verbose: 0 : 19880, 2, 2026/05/10, 15:49:19.041, 14710872068785, vstest.console.dll, CurrentDomainAssemblyResolve: Failed to resolve assembly 'Microsoft.Bcl.AsyncInterfaces'.
TpTrace Information: 0 : 19880, 2, 2026/05/10, 15:49:19.044, 14710872089991, vstest.console.dll, AssemblyResolver.OnResolve: Microsoft.Bcl.AsyncInterfaces: Resolving assembly.
TpTrace Information: 0 : 19880, 2, 2026/05/10, 15:49:19.044, 14710872090544, vstest.console.dll, AssemblyResolver.OnResolve: Microsoft.Bcl.AsyncInterfaces: Resolved from cache.
TpTrace Verbose: 0 : 19880, 2, 2026/05/10, 15:49:19.044, 14710872090799, vstest.console.dll, CurrentDomainAssemblyResolve: Resolving assembly 'Microsoft.Bcl.AsyncInterfaces'.
TpTrace Verbose: 0 : 19880, 2, 2026/05/10, 15:49:19.044, 14710872091005, vstest.console.dll, CurrentDomainAssemblyResolve: Failed to resolve assembly 'Microsoft.Bcl.AsyncInterfaces'.
TpTrace Warning: 0 : 19880, 2, 2026/05/10, 15:49:19.052, 14710872178666, vstest.console.dll, TestPluginDiscoverer: Failed to get types from assembly 'Microsoft.Diagnostics.NETCore.Client, Version=0.2.12.17301, Culture=neutral, PublicKeyToken=31bf3856ad364e35'. Error: System.Reflection.ReflectionTypeLoadException: Unable to load one or more of the requested types.
Could not load file or assembly 'Microsoft.Bcl.AsyncInterfaces, Version=6.0.0.0, Culture=neutral, PublicKeyToken=cc7b13ffcd2ddd51'. The system cannot find the file specified.
Could not load file or assembly 'Microsoft.Bcl.AsyncInterfaces, Version=6.0.0.0, Culture=neutral, PublicKeyToken=cc7b13ffcd2ddd51'. The system cannot find the file specified.
   at System.Reflection.RuntimeModule.GetDefinedTypes()
   at System.Reflection.RuntimeModule.GetTypes()
   at Microsoft.VisualStudio.TestPlatform.Common.ExtensionFramework.TestPluginDiscoverer.GetTestExtensionsFromAssembly[TPluginInfo,TExtension](Assembly assembly, Dictionary`2 pluginInfos, String filePath) in /_/src/Microsoft.TestPlatform.Common/ExtensionFramework/TestPluginDiscoverer.cs:line 159
System.IO.FileNotFoundException: Could not load file or assembly 'Microsoft.Bcl.AsyncInterfaces, Version=6.0.0.0, Culture=neutral, PublicKeyToken=cc7b13ffcd2ddd51'. The system cannot find the file specified.
File name: 'Microsoft.Bcl.AsyncInterfaces, Version=6.0.0.0, Culture=neutral, PublicKeyToken=cc7b13ffcd2ddd51'
 ---> System.IO.FileNotFoundException: Could not load file or assembly 'Microsoft.Bcl.AsyncInterfaces, Culture=neutral, PublicKeyToken=null'. The system cannot find the file specified.
File name: 'Microsoft.Bcl.AsyncInterfaces, Culture=neutral, PublicKeyToken=null'
   at System.Reflection.RuntimeAssembly.InternalLoad(AssemblyName assemblyName, StackCrawlMark& stackMark, AssemblyLoadContext assemblyLoadContext, RuntimeAssembly requestingAssembly, Boolean throwOnFileNotFound)
   at System.Reflection.Assembly.Load(AssemblyName assemblyRef)
   at Microsoft.VisualStudio.TestPlatform.Common.ExtensionFramework.TestPluginCache.CurrentDomainAssemblyResolve(Object sender, AssemblyResolveEventArgs args) in /_/src/Microsoft.TestPlatform.Common/ExtensionFramework/TestPluginCache.cs:line 514
   at System.Runtime.Loader.AssemblyLoadContext.GetFirstResolvedAssemblyFromResolvingEvent(AssemblyName assemblyName)
   at System.Runtime.Loader.AssemblyLoadContext.ResolveUsingEvent(AssemblyName assemblyName)
   at System.Runtime.Loader.AssemblyLoadContext.ResolveUsingResolvingEvent(IntPtr gchManagedAssemblyLoadContext, AssemblyName assemblyName)
System.IO.FileNotFoundException: Could not load file or assembly 'Microsoft.Bcl.AsyncInterfaces, Version=6.0.0.0, Culture=neutral, PublicKeyToken=cc7b13ffcd2ddd51'. The system cannot find the file specified.
File name: 'Microsoft.Bcl.AsyncInterfaces, Version=6.0.0.0, Culture=neutral, PublicKeyToken=cc7b13ffcd2ddd51'
TpTrace Warning: 0 : 19880, 2, 2026/05/10, 15:49:19.053, 14710872181300, vstest.console.dll, LoaderExceptions: System.IO.FileNotFoundException: Could not load file or assembly 'Microsoft.Bcl.AsyncInterfaces, Version=6.0.0.0, Culture=neutral, PublicKeyToken=cc7b13ffcd2ddd51'. The system cannot find the file specified.
File name: 'Microsoft.Bcl.AsyncInterfaces, Version=6.0.0.0, Culture=neutral, PublicKeyToken=cc7b13ffcd2ddd51'
 ---> System.IO.FileNotFoundException: Could not load file or assembly 'Microsoft.Bcl.AsyncInterfaces, Culture=neutral, PublicKeyToken=null'. The system cannot find the file specified.
File name: 'Microsoft.Bcl.AsyncInterfaces, Culture=neutral, PublicKeyToken=null'
   at System.Reflection.RuntimeAssembly.InternalLoad(AssemblyName assemblyName, StackCrawlMark& stackMark, AssemblyLoadContext assemblyLoadContext, RuntimeAssembly requestingAssembly, Boolean throwOnFileNotFound)
   at System.Reflection.Assembly.Load(AssemblyName assemblyRef)
   at Microsoft.VisualStudio.TestPlatform.Common.ExtensionFramework.TestPluginCache.CurrentDomainAssemblyResolve(Object sender, AssemblyResolveEventArgs args) in /_/src/Microsoft.TestPlatform.Common/ExtensionFramework/TestPluginCache.cs:line 514
   at System.Runtime.Loader.AssemblyLoadContext.GetFirstResolvedAssemblyFromResolvingEvent(AssemblyName assemblyName)
   at System.Runtime.Loader.AssemblyLoadContext.ResolveUsingEvent(AssemblyName assemblyName)
   at System.Runtime.Loader.AssemblyLoadContext.ResolveUsingResolvingEvent(IntPtr gchManagedAssemblyLoadContext, AssemblyName assemblyName)
TpTrace Warning: 0 : 19880, 2, 2026/05/10, 15:49:19.053, 14710872181964, vstest.console.dll, LoaderExceptions: System.IO.FileNotFoundException: Could not load file or assembly 'Microsoft.Bcl.AsyncInterfaces, Version=6.0.0.0, Culture=neutral, PublicKeyToken=cc7b13ffcd2ddd51'. The system cannot find the file specified.
File name: 'Microsoft.Bcl.AsyncInterfaces, Version=6.0.0.0, Culture=neutral, PublicKeyToken=cc7b13ffcd2ddd51'
TpTrace Information: 0 : 19880, 2, 2026/05/10, 15:49:19.053, 14710872183455, vstest.console.dll, AssemblyResolver.OnResolve: Microsoft.TestPlatform.Extensions.BlameDataCollector: Resolving assembly.
TpTrace Information: 0 : 19880, 2, 2026/05/10, 15:49:19.053, 14710872183888, vstest.console.dll, AssemblyResolver.OnResolve: Microsoft.TestPlatform.Extensions.BlameDataCollector: Searching in: 'C:\Program Files\dotnet\sdk\9.0.313\Extensions'.
TpTrace Information: 0 : 19880, 2, 2026/05/10, 15:49:19.053, 14710872187098, vstest.console.dll, AssemblyResolver.OnResolve: Microsoft.TestPlatform.Extensions.BlameDataCollector: Loading assembly 'C:\Program Files\dotnet\sdk\9.0.313\Extensions\Microsoft.TestPlatform.Extensions.BlameDataCollector.dll'.
TpTrace Information: 0 : 19880, 2, 2026/05/10, 15:49:19.054, 14710872192255, vstest.console.dll, AssemblyResolver.OnResolve: Resolved assembly: Microsoft.TestPlatform.Extensions.BlameDataCollector, from path: C:\Program Files\dotnet\sdk\9.0.313\Extensions\Microsoft.TestPlatform.Extensions.BlameDataCollector.dll
TpTrace Verbose: 0 : 19880, 2, 2026/05/10, 15:49:19.054, 14710872192944, vstest.console.dll, MetadataReaderExtensionsHelper: Discovering extensions inside assembly 'Microsoft.TestPlatform.Extensions.BlameDataCollector, Version=15.0.0.0, Culture=neutral, PublicKeyToken=b03f5f7f11d50a3a' file path 'C:\Program Files\dotnet\sdk\9.0.313\Extensions\Microsoft.TestPlatform.Extensions.BlameDataCollector.dll'
TpTrace Information: 0 : 19880, 2, 2026/05/10, 15:49:19.055, 14710872203337, vstest.console.dll, AssemblyResolver.OnResolve: Microsoft.TestPlatform.Extensions.EventLogCollector: Resolving assembly.
TpTrace Information: 0 : 19880, 2, 2026/05/10, 15:49:19.055, 14710872203881, vstest.console.dll, AssemblyResolver.OnResolve: Microsoft.TestPlatform.Extensions.EventLogCollector: Searching in: 'C:\Program Files\dotnet\sdk\9.0.313\Extensions'.
TpTrace Information: 0 : 19880, 2, 2026/05/10, 15:49:19.055, 14710872206538, vstest.console.dll, AssemblyResolver.OnResolve: Microsoft.TestPlatform.Extensions.EventLogCollector: Loading assembly 'C:\Program Files\dotnet\sdk\9.0.313\Extensions\Microsoft.TestPlatform.Extensions.EventLogCollector.dll'.
TpTrace Information: 0 : 19880, 2, 2026/05/10, 15:49:19.056, 14710872211234, vstest.console.dll, AssemblyResolver.OnResolve: Resolved assembly: Microsoft.TestPlatform.Extensions.EventLogCollector, from path: C:\Program Files\dotnet\sdk\9.0.313\Extensions\Microsoft.TestPlatform.Extensions.EventLogCollector.dll
TpTrace Verbose: 0 : 19880, 2, 2026/05/10, 15:49:19.056, 14710872212409, vstest.console.dll, MetadataReaderExtensionsHelper: Discovering extensions inside assembly 'Microsoft.TestPlatform.Extensions.EventLogCollector, Version=15.0.0.0, Culture=neutral, PublicKeyToken=b03f5f7f11d50a3a' file path 'C:\Program Files\dotnet\sdk\9.0.313\Extensions\Microsoft.TestPlatform.Extensions.EventLogCollector.dll'
TpTrace Information: 0 : 19880, 2, 2026/05/10, 15:49:19.057, 14710872229050, vstest.console.dll, AssemblyResolver.OnResolve: Microsoft.TestPlatform.TestHostRuntimeProvider: Resolving assembly.
TpTrace Information: 0 : 19880, 2, 2026/05/10, 15:49:19.058, 14710872229682, vstest.console.dll, AssemblyResolver.OnResolve: Microsoft.TestPlatform.TestHostRuntimeProvider: Searching in: 'C:\Program Files\dotnet\sdk\9.0.313\Extensions'.
TpTrace Information: 0 : 19880, 2, 2026/05/10, 15:49:19.058, 14710872232398, vstest.console.dll, AssemblyResolver.OnResolve: Microsoft.TestPlatform.TestHostRuntimeProvider: Loading assembly 'C:\Program Files\dotnet\sdk\9.0.313\Extensions\Microsoft.TestPlatform.TestHostRuntimeProvider.dll'.
TpTrace Information: 0 : 19880, 2, 2026/05/10, 15:49:19.058, 14710872236844, vstest.console.dll, AssemblyResolver.OnResolve: Resolved assembly: Microsoft.TestPlatform.TestHostRuntimeProvider, from path: C:\Program Files\dotnet\sdk\9.0.313\Extensions\Microsoft.TestPlatform.TestHostRuntimeProvider.dll
TpTrace Verbose: 0 : 19880, 2, 2026/05/10, 15:49:19.058, 14710872237462, vstest.console.dll, MetadataReaderExtensionsHelper: Discovering extensions inside assembly 'Microsoft.TestPlatform.TestHostRuntimeProvider, Version=15.0.0.0, Culture=neutral, PublicKeyToken=b03f5f7f11d50a3a' file path 'C:\Program Files\dotnet\sdk\9.0.313\Extensions\Microsoft.TestPlatform.TestHostRuntimeProvider.dll'
TpTrace Information: 0 : 19880, 2, 2026/05/10, 15:49:19.060, 14710872250188, vstest.console.dll, GetTestExtensionFromType: Register extension with identifier data 'HostProvider://DefaultTestHost' and type 'Microsoft.VisualStudio.TestPlatform.CrossPlatEngine.Hosting.DefaultTestHostManager, Microsoft.TestPlatform.TestHostRuntimeProvider, Version=15.0.0.0, Culture=neutral, PublicKeyToken=b03f5f7f11d50a3a' inside file 'C:\Program Files\dotnet\sdk\9.0.313\Extensions\Microsoft.TestPlatform.TestHostRuntimeProvider.dll'
TpTrace Information: 0 : 19880, 2, 2026/05/10, 15:49:19.060, 14710872252467, vstest.console.dll, GetTestExtensionFromType: Register extension with identifier data 'HostProvider://DotnetTestHost' and type 'Microsoft.VisualStudio.TestPlatform.CrossPlatEngine.Hosting.DotnetTestHostManager, Microsoft.TestPlatform.TestHostRuntimeProvider, Version=15.0.0.0, Culture=neutral, PublicKeyToken=b03f5f7f11d50a3a' inside file 'C:\Program Files\dotnet\sdk\9.0.313\Extensions\Microsoft.TestPlatform.TestHostRuntimeProvider.dll'
TpTrace Information: 0 : 19880, 2, 2026/05/10, 15:49:19.060, 14710872253160, vstest.console.dll, AssemblyResolver.OnResolve: Microsoft.VisualStudio.TestPlatform.Extensions.Html.TestLogger: Resolving assembly.
TpTrace Information: 0 : 19880, 2, 2026/05/10, 15:49:19.060, 14710872253503, vstest.console.dll, AssemblyResolver.OnResolve: Microsoft.VisualStudio.TestPlatform.Extensions.Html.TestLogger: Searching in: 'C:\Program Files\dotnet\sdk\9.0.313\Extensions'.
TpTrace Information: 0 : 19880, 2, 2026/05/10, 15:49:19.060, 14710872256079, vstest.console.dll, AssemblyResolver.OnResolve: Microsoft.VisualStudio.TestPlatform.Extensions.Html.TestLogger: Loading assembly 'C:\Program Files\dotnet\sdk\9.0.313\Extensions\Microsoft.VisualStudio.TestPlatform.Extensions.Html.TestLogger.dll'.
TpTrace Information: 0 : 19880, 2, 2026/05/10, 15:49:19.061, 14710872262220, vstest.console.dll, AssemblyResolver.OnResolve: Resolved assembly: Microsoft.VisualStudio.TestPlatform.Extensions.Html.TestLogger, from path: C:\Program Files\dotnet\sdk\9.0.313\Extensions\Microsoft.VisualStudio.TestPlatform.Extensions.Html.TestLogger.dll
TpTrace Verbose: 0 : 19880, 2, 2026/05/10, 15:49:19.061, 14710872263152, vstest.console.dll, MetadataReaderExtensionsHelper: Discovering extensions inside assembly 'Microsoft.VisualStudio.TestPlatform.Extensions.Html.TestLogger, Version=15.0.0.0, Culture=neutral, PublicKeyToken=b03f5f7f11d50a3a' file path 'C:\Program Files\dotnet\sdk\9.0.313\Extensions\Microsoft.VisualStudio.TestPlatform.Extensions.Html.TestLogger.dll'
TpTrace Information: 0 : 19880, 2, 2026/05/10, 15:49:19.062, 14710872272903, vstest.console.dll, AssemblyResolver.OnResolve: Microsoft.VisualStudio.TestPlatform.Extensions.Trx.TestLogger: Resolving assembly.
TpTrace Information: 0 : 19880, 2, 2026/05/10, 15:49:19.062, 14710872273635, vstest.console.dll, AssemblyResolver.OnResolve: Microsoft.VisualStudio.TestPlatform.Extensions.Trx.TestLogger: Searching in: 'C:\Program Files\dotnet\sdk\9.0.313\Extensions'.
TpTrace Information: 0 : 19880, 2, 2026/05/10, 15:49:19.062, 14710872276685, vstest.console.dll, AssemblyResolver.OnResolve: Microsoft.VisualStudio.TestPlatform.Extensions.Trx.TestLogger: Loading assembly 'C:\Program Files\dotnet\sdk\9.0.313\Extensions\Microsoft.VisualStudio.TestPlatform.Extensions.Trx.TestLogger.dll'.
TpTrace Information: 0 : 19880, 2, 2026/05/10, 15:49:19.063, 14710872281223, vstest.console.dll, AssemblyResolver.OnResolve: Resolved assembly: Microsoft.VisualStudio.TestPlatform.Extensions.Trx.TestLogger, from path: C:\Program Files\dotnet\sdk\9.0.313\Extensions\Microsoft.VisualStudio.TestPlatform.Extensions.Trx.TestLogger.dll
TpTrace Verbose: 0 : 19880, 2, 2026/05/10, 15:49:19.063, 14710872281881, vstest.console.dll, MetadataReaderExtensionsHelper: Discovering extensions inside assembly 'Microsoft.VisualStudio.TestPlatform.Extensions.Trx.TestLogger, Version=15.0.0.0, Culture=neutral, PublicKeyToken=b03f5f7f11d50a3a' file path 'C:\Program Files\dotnet\sdk\9.0.313\Extensions\Microsoft.VisualStudio.TestPlatform.Extensions.Trx.TestLogger.dll'
TpTrace Verbose: 0 : 19880, 2, 2026/05/10, 15:49:19.064, 14710872290475, vstest.console.dll, TestPluginCache: Discovered the extensions using extension path ''.
TpTrace Verbose: 0 : 19880, 2, 2026/05/10, 15:49:19.064, 14710872291091, vstest.console.dll, TestPluginCache: Discoverers are ''.
TpTrace Verbose: 0 : 19880, 2, 2026/05/10, 15:49:19.064, 14710872291332, vstest.console.dll, TestPluginCache: Executors are ''.
TpTrace Verbose: 0 : 19880, 2, 2026/05/10, 15:49:19.064, 14710872291569, vstest.console.dll, TestPluginCache: Executors2 are ''.
TpTrace Verbose: 0 : 19880, 2, 2026/05/10, 15:49:19.064, 14710872291757, vstest.console.dll, TestPluginCache: Setting providers are ''.
TpTrace Verbose: 0 : 19880, 2, 2026/05/10, 15:49:19.064, 14710872291935, vstest.console.dll, TestPluginCache: Loggers are ''.
TpTrace Verbose: 0 : 19880, 2, 2026/05/10, 15:49:19.064, 14710872292554, vstest.console.dll, TestPluginCache: TestHosts are 'HostProvider://DefaultTestHost,HostProvider://DotnetTestHost'.
TpTrace Verbose: 0 : 19880, 2, 2026/05/10, 15:49:19.064, 14710872292844, vstest.console.dll, TestPluginCache: DataCollectors are ''.
TpTrace Information: 0 : 19880, 2, 2026/05/10, 15:49:19.074, 14710872394933, vstest.console.dll, RunTestsArgumentProcessor:Execute: Test run is starting.
TpTrace Verbose: 0 : 19880, 2, 2026/05/10, 15:49:19.074, 14710872395917, vstest.console.dll, RunTestsArgumentProcessor:Execute: Queuing Test run.
TpTrace Information: 0 : 19880, 2, 2026/05/10, 15:49:19.074, 14710872397908, vstest.console.dll, TestRequestManager.RunTests: run tests started.
TpTrace Information: 0 : 19880, 2, 2026/05/10, 15:49:19.075, 14710872407374, vstest.console.dll, AssemblyMetadataProvider.GetFrameworkName: Determined framework:'.NETCoreApp,Version=v9.0' for source: 'C:\src\ElBruno.NetAgent\tests\ElBruno.NetAgent.Tests\bin\Release\net9.0-windows\ElBruno.NetAgent.Tests.dll'
TpTrace Information: 0 : 19880, 2, 2026/05/10, 15:49:19.075, 14710872408578, vstest.console.dll, Determined framework for all sources: .NETCoreApp,Version=v9.0
TpTrace Verbose: 0 : 19880, 2, 2026/05/10, 15:49:19.077, 14710872420898, vstest.console.dll, TestRequestManager.UpdateRunSettingsIfRequired: Default architecture: X64 IsDefaultTargetArchitecture: True, Current process architecture: X64 OperatingSystem: Windows.
TpTrace Information: 0 : 19880, 2, 2026/05/10, 15:49:19.078, 14710872436690, vstest.console.dll, AssemblyMetadataProvider.GetArchitecture: Determined architecture:AnyCPU info for assembly: C:\src\ElBruno.NetAgent\tests\ElBruno.NetAgent.Tests\bin\Release\net9.0-windows\ElBruno.NetAgent.Tests.dll
TpTrace Information: 0 : 19880, 2, 2026/05/10, 15:49:19.078, 14710872437239, vstest.console.dll, Determined platform for source 'C:\src\ElBruno.NetAgent\tests\ElBruno.NetAgent.Tests\bin\Release\net9.0-windows\ElBruno.NetAgent.Tests.dll' was AnyCPU and it will use the default plaform X64.
TpTrace Information: 0 : 19880, 2, 2026/05/10, 15:49:19.078, 14710872437491, vstest.console.dll, None of the sources provided any runnable platform, using the default platform: X64
TpTrace Information: 0 : 19880, 2, 2026/05/10, 15:49:19.078, 14710872438541, vstest.console.dll, Platform was updated to 'X64'.
TpTrace Information: 0 : 19880, 2, 2026/05/10, 15:49:19.080, 14710872454248, vstest.console.dll, Compatible sources list: 
TpTrace Information: 0 : 19880, 2, 2026/05/10, 15:49:19.080, 14710872454985, vstest.console.dll, C:\src\ElBruno.NetAgent\tests\ElBruno.NetAgent.Tests\bin\Release\net9.0-windows\ElBruno.NetAgent.Tests.dll
TpTrace Information: 0 : 19880, 2, 2026/05/10, 15:49:19.082, 14710872475809, vstest.console.dll, InferRunSettingsHelper.IsTestSettingsEnabled: Unable to navigate to RunSettings/MSTest. Current node: RunSettings
TpTrace Information: 0 : 19880, 2, 2026/05/10, 15:49:19.083, 14710872480764, vstest.console.dll, AssemblyResolver.OnResolve: Microsoft.VisualStudio.TestPlatform.Fakes: Resolving assembly.
TpTrace Information: 0 : 19880, 2, 2026/05/10, 15:49:19.083, 14710872481338, vstest.console.dll, AssemblyResolver.OnResolve: Microsoft.VisualStudio.TestPlatform.Fakes: Searching in: 'C:\Program Files\dotnet\sdk\9.0.313\Extensions'.
TpTrace Information: 0 : 19880, 2, 2026/05/10, 15:49:19.083, 14710872482109, vstest.console.dll, AssemblyResolver.OnResolve: Microsoft.VisualStudio.TestPlatform.Fakes: Assembly path does not exist: 'C:\Program Files\dotnet\sdk\9.0.313\Extensions\Microsoft.VisualStudio.TestPlatform.Fakes.dll', returning.
TpTrace Information: 0 : 19880, 2, 2026/05/10, 15:49:19.083, 14710872482683, vstest.console.dll, AssemblyResolver.OnResolve: Microsoft.VisualStudio.TestPlatform.Fakes: Assembly path does not exist: 'C:\Program Files\dotnet\sdk\9.0.313\Extensions\Microsoft.VisualStudio.TestPlatform.Fakes.exe', returning.
TpTrace Information: 0 : 19880, 2, 2026/05/10, 15:49:19.083, 14710872483026, vstest.console.dll, AssemblyResolver.OnResolve: Microsoft.VisualStudio.TestPlatform.Fakes: Searching in: 'C:\Program Files\dotnet\sdk\9.0.313'.
TpTrace Information: 0 : 19880, 2, 2026/05/10, 15:49:19.083, 14710872483561, vstest.console.dll, AssemblyResolver.OnResolve: Microsoft.VisualStudio.TestPlatform.Fakes: Assembly path does not exist: 'C:\Program Files\dotnet\sdk\9.0.313\Microsoft.VisualStudio.TestPlatform.Fakes.dll', returning.
TpTrace Information: 0 : 19880, 2, 2026/05/10, 15:49:19.083, 14710872484067, vstest.console.dll, AssemblyResolver.OnResolve: Microsoft.VisualStudio.TestPlatform.Fakes: Assembly path does not exist: 'C:\Program Files\dotnet\sdk\9.0.313\Microsoft.VisualStudio.TestPlatform.Fakes.exe', returning.
TpTrace Information: 0 : 19880, 2, 2026/05/10, 15:49:19.083, 14710872484336, vstest.console.dll, AssemblyResolver.OnResolve: Microsoft.VisualStudio.TestPlatform.Fakes: Failed to load assembly.
TpTrace Information: 0 : 19880, 2, 2026/05/10, 15:49:19.084, 14710872491142, vstest.console.dll, Failed to load assembly Microsoft.VisualStudio.TestPlatform.Fakes, Version=17.0.0.0, Culture=neutral. Reason:System.IO.FileNotFoundException: Could not load file or assembly 'Microsoft.VisualStudio.TestPlatform.Fakes, Version=17.0.0.0, Culture=neutral, PublicKeyToken=null'. The system cannot find the file specified.
File name: 'Microsoft.VisualStudio.TestPlatform.Fakes, Version=17.0.0.0, Culture=neutral, PublicKeyToken=null'
   at System.Reflection.RuntimeAssembly.InternalLoad(AssemblyName assemblyName, StackCrawlMark& stackMark, AssemblyLoadContext assemblyLoadContext, RuntimeAssembly requestingAssembly, Boolean throwOnFileNotFound)
   at System.Reflection.Assembly.Load(AssemblyName assemblyRef)
   at Microsoft.VisualStudio.TestPlatform.Common.Utilities.FakesUtilities.LoadTestPlatformAssembly() in /_/src/Microsoft.TestPlatform.Common/Utilities/FakesUtilities.cs:line 273
TpTrace Verbose: 0 : 19880, 2, 2026/05/10, 15:49:19.086, 14710872518252, vstest.console.dll, TestPluginCache.DiscoverTestExtensions: finding test extensions in assemblies ends with: TestLogger.dll TPluginInfo: Microsoft.VisualStudio.TestPlatform.Common.ExtensionFramework.Utilities.TestLoggerPluginInformation TExtension: Microsoft.VisualStudio.TestPlatform.ObjectModel.Client.ITestLogger
TpTrace Verbose: 0 : 19880, 2, 2026/05/10, 15:49:19.086, 14710872518971, vstest.console.dll, TestPluginCache.GetExtensionPaths: Filtered extension paths: 
TpTrace Verbose: 0 : 19880, 2, 2026/05/10, 15:49:19.087, 14710872519256, vstest.console.dll, TestPluginCache.GetExtensionPaths: Added default extension paths: C:\Program Files\dotnet\sdk\9.0.313\Extensions\Microsoft.Diagnostics.NETCore.Client.dll
C:\Program Files\dotnet\sdk\9.0.313\Extensions\Microsoft.TestPlatform.Extensions.BlameDataCollector.dll
C:\Program Files\dotnet\sdk\9.0.313\Extensions\Microsoft.TestPlatform.Extensions.EventLogCollector.dll
C:\Program Files\dotnet\sdk\9.0.313\Extensions\Microsoft.TestPlatform.TestHostRuntimeProvider.dll
C:\Program Files\dotnet\sdk\9.0.313\Extensions\Microsoft.VisualStudio.TestPlatform.Extensions.Html.TestLogger.dll
C:\Program Files\dotnet\sdk\9.0.313\Extensions\Microsoft.VisualStudio.TestPlatform.Extensions.Trx.TestLogger.dll
TpTrace Verbose: 0 : 19880, 2, 2026/05/10, 15:49:19.087, 14710872519602, vstest.console.dll, TestPluginCache.GetExtensionPaths: Added unfilterableExtensionPaths: 
TpTrace Information: 0 : 19880, 2, 2026/05/10, 15:49:19.087, 14710872520560, vstest.console.dll, AssemblyResolver.AddSearchDirectories: Adding more searchDirectories C:\Program Files\dotnet\sdk\9.0.313\Extensions,C:\Program Files\dotnet\sdk\9.0.313
TpTrace Verbose: 0 : 19880, 2, 2026/05/10, 15:49:19.087, 14710872521038, vstest.console.dll, TestPluginCache.DiscoverTestExtensions: Discovering the extensions using extension path.
TpTrace Verbose: 0 : 19880, 2, 2026/05/10, 15:49:19.087, 14710872521359, vstest.console.dll, TestPluginCache.GetExtensionPaths: Filtered extension paths: 
TpTrace Verbose: 0 : 19880, 2, 2026/05/10, 15:49:19.087, 14710872521579, vstest.console.dll, TestPluginCache.GetExtensionPaths: Added default extension paths: C:\Program Files\dotnet\sdk\9.0.313\Extensions\Microsoft.Diagnostics.NETCore.Client.dll
C:\Program Files\dotnet\sdk\9.0.313\Extensions\Microsoft.TestPlatform.Extensions.BlameDataCollector.dll
C:\Program Files\dotnet\sdk\9.0.313\Extensions\Microsoft.TestPlatform.Extensions.EventLogCollector.dll
C:\Program Files\dotnet\sdk\9.0.313\Extensions\Microsoft.TestPlatform.TestHostRuntimeProvider.dll
C:\Program Files\dotnet\sdk\9.0.313\Extensions\Microsoft.VisualStudio.TestPlatform.Extensions.Html.TestLogger.dll
C:\Program Files\dotnet\sdk\9.0.313\Extensions\Microsoft.VisualStudio.TestPlatform.Extensions.Trx.TestLogger.dll
TpTrace Verbose: 0 : 19880, 2, 2026/05/10, 15:49:19.087, 14710872521822, vstest.console.dll, TestPluginCache.GetExtensionPaths: Added unfilterableExtensionPaths: 
TpTrace Verbose: 0 : 19880, 2, 2026/05/10, 15:49:19.087, 14710872522036, vstest.console.dll, TestPluginCache.DiscoverTestExtensions: Discovering the extensions using allExtensionPaths: C:\Program Files\dotnet\sdk\9.0.313\Extensions\Microsoft.Diagnostics.NETCore.Client.dll
C:\Program Files\dotnet\sdk\9.0.313\Extensions\Microsoft.TestPlatform.Extensions.BlameDataCollector.dll
C:\Program Files\dotnet\sdk\9.0.313\Extensions\Microsoft.TestPlatform.Extensions.EventLogCollector.dll
C:\Program Files\dotnet\sdk\9.0.313\Extensions\Microsoft.TestPlatform.TestHostRuntimeProvider.dll
C:\Program Files\dotnet\sdk\9.0.313\Extensions\Microsoft.VisualStudio.TestPlatform.Extensions.Html.TestLogger.dll
C:\Program Files\dotnet\sdk\9.0.313\Extensions\Microsoft.VisualStudio.TestPlatform.Extensions.Trx.TestLogger.dll
TpTrace Information: 0 : 19880, 2, 2026/05/10, 15:49:19.087, 14710872522409, vstest.console.dll, AssemblyResolver.AddSearchDirectories: Adding more searchDirectories C:\Program Files\dotnet\sdk\9.0.313\Extensions,C:\Program Files\dotnet\sdk\9.0.313
TpTrace Information: 0 : 19880, 2, 2026/05/10, 15:49:19.087, 14710872522664, vstest.console.dll, AssemblyResolver.AddSearchDirectories: Adding more searchDirectories C:\Program Files\dotnet\sdk\9.0.313\Extensions,C:\Program Files\dotnet\sdk\9.0.313
TpTrace Information: 0 : 19880, 2, 2026/05/10, 15:49:19.087, 14710872522873, vstest.console.dll, AssemblyResolver.AddSearchDirectories: Adding more searchDirectories C:\Program Files\dotnet\sdk\9.0.313\Extensions,C:\Program Files\dotnet\sdk\9.0.313
TpTrace Information: 0 : 19880, 2, 2026/05/10, 15:49:19.087, 14710872523159, vstest.console.dll, AssemblyResolver.AddSearchDirectories: Adding more searchDirectories C:\Program Files\dotnet\sdk\9.0.313\Extensions,C:\Program Files\dotnet\sdk\9.0.313
TpTrace Information: 0 : 19880, 2, 2026/05/10, 15:49:19.087, 14710872523388, vstest.console.dll, AssemblyResolver.AddSearchDirectories: Adding more searchDirectories C:\Program Files\dotnet\sdk\9.0.313\Extensions,C:\Program Files\dotnet\sdk\9.0.313
TpTrace Information: 0 : 19880, 2, 2026/05/10, 15:49:19.087, 14710872523594, vstest.console.dll, AssemblyResolver.AddSearchDirectories: Adding more searchDirectories C:\Program Files\dotnet\sdk\9.0.313\Extensions,C:\Program Files\dotnet\sdk\9.0.313
TpTrace Verbose: 0 : 19880, 2, 2026/05/10, 15:49:19.087, 14710872524473, vstest.console.dll, MetadataReaderExtensionsHelper: Discovering extensions inside assembly 'Microsoft.Diagnostics.NETCore.Client, Version=0.2.12.17301, Culture=neutral, PublicKeyToken=31bf3856ad364e35' file path 'C:\Program Files\dotnet\sdk\9.0.313\Extensions\Microsoft.Diagnostics.NETCore.Client.dll'
TpTrace Information: 0 : 19880, 2, 2026/05/10, 15:49:19.088, 14710872531385, vstest.console.dll, AssemblyResolver.OnResolve: Microsoft.Bcl.AsyncInterfaces: Resolving assembly.
TpTrace Information: 0 : 19880, 2, 2026/05/10, 15:49:19.088, 14710872531896, vstest.console.dll, AssemblyResolver.OnResolve: Microsoft.Bcl.AsyncInterfaces: Resolved from cache.
TpTrace Verbose: 0 : 19880, 2, 2026/05/10, 15:49:19.088, 14710872532135, vstest.console.dll, CurrentDomainAssemblyResolve: Resolving assembly 'Microsoft.Bcl.AsyncInterfaces'.
TpTrace Information: 0 : 19880, 2, 2026/05/10, 15:49:19.088, 14710872532465, vstest.console.dll, AssemblyResolver.OnResolve: Microsoft.Bcl.AsyncInterfaces: Resolving assembly.
TpTrace Information: 0 : 19880, 2, 2026/05/10, 15:49:19.088, 14710872532694, vstest.console.dll, AssemblyResolver.OnResolve: Microsoft.Bcl.AsyncInterfaces: Resolved from cache.
TpTrace Verbose: 0 : 19880, 2, 2026/05/10, 15:49:19.088, 14710872532879, vstest.console.dll, CurrentDomainAssemblyResolve: Resolving assembly 'Microsoft.Bcl.AsyncInterfaces'.
TpTrace Verbose: 0 : 19880, 2, 2026/05/10, 15:49:19.088, 14710872533115, vstest.console.dll, CurrentDomainAssemblyResolve: Failed to resolve assembly 'Microsoft.Bcl.AsyncInterfaces'.
TpTrace Verbose: 0 : 19880, 2, 2026/05/10, 15:49:19.088, 14710872534154, vstest.console.dll, CurrentDomainAssemblyResolve: Failed to resolve assembly 'Microsoft.Bcl.AsyncInterfaces'.
TpTrace Information: 0 : 19880, 2, 2026/05/10, 15:49:19.088, 14710872536478, vstest.console.dll, AssemblyResolver.OnResolve: Microsoft.Bcl.AsyncInterfaces: Resolving assembly.
TpTrace Information: 0 : 19880, 2, 2026/05/10, 15:49:19.088, 14710872537022, vstest.console.dll, AssemblyResolver.OnResolve: Microsoft.Bcl.AsyncInterfaces: Resolved from cache.
TpTrace Verbose: 0 : 19880, 2, 2026/05/10, 15:49:19.088, 14710872537519, vstest.console.dll, CurrentDomainAssemblyResolve: Resolving assembly 'Microsoft.Bcl.AsyncInterfaces'.
TpTrace Verbose: 0 : 19880, 2, 2026/05/10, 15:49:19.088, 14710872537960, vstest.console.dll, CurrentDomainAssemblyResolve: Failed to resolve assembly 'Microsoft.Bcl.AsyncInterfaces'.
TpTrace Warning: 0 : 19880, 2, 2026/05/10, 15:49:19.089, 14710872540454, vstest.console.dll, TestPluginDiscoverer: Failed to get types from assembly 'Microsoft.Diagnostics.NETCore.Client, Version=0.2.12.17301, Culture=neutral, PublicKeyToken=31bf3856ad364e35'. Error: System.Reflection.ReflectionTypeLoadException: Unable to load one or more of the requested types.
Could not load file or assembly 'Microsoft.Bcl.AsyncInterfaces, Version=6.0.0.0, Culture=neutral, PublicKeyToken=cc7b13ffcd2ddd51'. The system cannot find the file specified.
Could not load file or assembly 'Microsoft.Bcl.AsyncInterfaces, Version=6.0.0.0, Culture=neutral, PublicKeyToken=cc7b13ffcd2ddd51'. The system cannot find the file specified.
   at System.Reflection.RuntimeModule.GetDefinedTypes()
   at System.Reflection.RuntimeModule.GetTypes()
   at Microsoft.VisualStudio.TestPlatform.Common.ExtensionFramework.TestPluginDiscoverer.GetTestExtensionsFromAssembly[TPluginInfo,TExtension](Assembly assembly, Dictionary`2 pluginInfos, String filePath) in /_/src/Microsoft.TestPlatform.Common/ExtensionFramework/TestPluginDiscoverer.cs:line 159
System.IO.FileNotFoundException: Could not load file or assembly 'Microsoft.Bcl.AsyncInterfaces, Version=6.0.0.0, Culture=neutral, PublicKeyToken=cc7b13ffcd2ddd51'. The system cannot find the file specified.
File name: 'Microsoft.Bcl.AsyncInterfaces, Version=6.0.0.0, Culture=neutral, PublicKeyToken=cc7b13ffcd2ddd51'
 ---> System.IO.FileNotFoundException: Could not load file or assembly 'Microsoft.Bcl.AsyncInterfaces, Culture=neutral, PublicKeyToken=null'. The system cannot find the file specified.
File name: 'Microsoft.Bcl.AsyncInterfaces, Culture=neutral, PublicKeyToken=null'
   at System.Reflection.RuntimeAssembly.InternalLoad(AssemblyName assemblyName, StackCrawlMark& stackMark, AssemblyLoadContext assemblyLoadContext, RuntimeAssembly requestingAssembly, Boolean throwOnFileNotFound)
   at System.Reflection.Assembly.Load(AssemblyName assemblyRef)
   at Microsoft.VisualStudio.TestPlatform.Common.ExtensionFramework.TestPluginCache.CurrentDomainAssemblyResolve(Object sender, AssemblyResolveEventArgs args) in /_/src/Microsoft.TestPlatform.Common/ExtensionFramework/TestPluginCache.cs:line 514
   at System.Runtime.Loader.AssemblyLoadContext.GetFirstResolvedAssemblyFromResolvingEvent(AssemblyName assemblyName)
   at System.Runtime.Loader.AssemblyLoadContext.ResolveUsingEvent(AssemblyName assemblyName)
   at System.Runtime.Loader.AssemblyLoadContext.ResolveUsingResolvingEvent(IntPtr gchManagedAssemblyLoadContext, AssemblyName assemblyName)
System.IO.FileNotFoundException: Could not load file or assembly 'Microsoft.Bcl.AsyncInterfaces, Version=6.0.0.0, Culture=neutral, PublicKeyToken=cc7b13ffcd2ddd51'. The system cannot find the file specified.
File name: 'Microsoft.Bcl.AsyncInterfaces, Version=6.0.0.0, Culture=neutral, PublicKeyToken=cc7b13ffcd2ddd51'
TpTrace Warning: 0 : 19880, 2, 2026/05/10, 15:49:19.089, 14710872541808, vstest.console.dll, LoaderExceptions: System.IO.FileNotFoundException: Could not load file or assembly 'Microsoft.Bcl.AsyncInterfaces, Version=6.0.0.0, Culture=neutral, PublicKeyToken=cc7b13ffcd2ddd51'. The system cannot find the file specified.
File name: 'Microsoft.Bcl.AsyncInterfaces, Version=6.0.0.0, Culture=neutral, PublicKeyToken=cc7b13ffcd2ddd51'
 ---> System.IO.FileNotFoundException: Could not load file or assembly 'Microsoft.Bcl.AsyncInterfaces, Culture=neutral, PublicKeyToken=null'. The system cannot find the file specified.
File name: 'Microsoft.Bcl.AsyncInterfaces, Culture=neutral, PublicKeyToken=null'
   at System.Reflection.RuntimeAssembly.InternalLoad(AssemblyName assemblyName, StackCrawlMark& stackMark, AssemblyLoadContext assemblyLoadContext, RuntimeAssembly requestingAssembly, Boolean throwOnFileNotFound)
   at System.Reflection.Assembly.Load(AssemblyName assemblyRef)
   at Microsoft.VisualStudio.TestPlatform.Common.ExtensionFramework.TestPluginCache.CurrentDomainAssemblyResolve(Object sender, AssemblyResolveEventArgs args) in /_/src/Microsoft.TestPlatform.Common/ExtensionFramework/TestPluginCache.cs:line 514
   at System.Runtime.Loader.AssemblyLoadContext.GetFirstResolvedAssemblyFromResolvingEvent(AssemblyName assemblyName)
   at System.Runtime.Loader.AssemblyLoadContext.ResolveUsingEvent(AssemblyName assemblyName)
   at System.Runtime.Loader.AssemblyLoadContext.ResolveUsingResolvingEvent(IntPtr gchManagedAssemblyLoadContext, AssemblyName assemblyName)
TpTrace Warning: 0 : 19880, 2, 2026/05/10, 15:49:19.089, 14710872542229, vstest.console.dll, LoaderExceptions: System.IO.FileNotFoundException: Could not load file or assembly 'Microsoft.Bcl.AsyncInterfaces, Version=6.0.0.0, Culture=neutral, PublicKeyToken=cc7b13ffcd2ddd51'. The system cannot find the file specified.
File name: 'Microsoft.Bcl.AsyncInterfaces, Version=6.0.0.0, Culture=neutral, PublicKeyToken=cc7b13ffcd2ddd51'
TpTrace Verbose: 0 : 19880, 2, 2026/05/10, 15:49:19.089, 14710872542737, vstest.console.dll, MetadataReaderExtensionsHelper: Discovering extensions inside assembly 'Microsoft.TestPlatform.Extensions.BlameDataCollector, Version=15.0.0.0, Culture=neutral, PublicKeyToken=b03f5f7f11d50a3a' file path 'C:\Program Files\dotnet\sdk\9.0.313\Extensions\Microsoft.TestPlatform.Extensions.BlameDataCollector.dll'
TpTrace Information: 0 : 19880, 2, 2026/05/10, 15:49:19.089, 14710872546493, vstest.console.dll, GetTestExtensionFromType: Register extension with identifier data 'logger://Microsoft/TestPlatform/Extensions/Blame/v1' and type 'Microsoft.TestPlatform.Extensions.BlameDataCollector.BlameLogger, Microsoft.TestPlatform.Extensions.BlameDataCollector, Version=15.0.0.0, Culture=neutral, PublicKeyToken=b03f5f7f11d50a3a' inside file 'C:\Program Files\dotnet\sdk\9.0.313\Extensions\Microsoft.TestPlatform.Extensions.BlameDataCollector.dll'
TpTrace Verbose: 0 : 19880, 2, 2026/05/10, 15:49:19.089, 14710872547113, vstest.console.dll, MetadataReaderExtensionsHelper: Discovering extensions inside assembly 'Microsoft.TestPlatform.Extensions.EventLogCollector, Version=15.0.0.0, Culture=neutral, PublicKeyToken=b03f5f7f11d50a3a' file path 'C:\Program Files\dotnet\sdk\9.0.313\Extensions\Microsoft.TestPlatform.Extensions.EventLogCollector.dll'
TpTrace Verbose: 0 : 19880, 2, 2026/05/10, 15:49:19.090, 14710872549994, vstest.console.dll, MetadataReaderExtensionsHelper: Discovering extensions inside assembly 'Microsoft.TestPlatform.TestHostRuntimeProvider, Version=15.0.0.0, Culture=neutral, PublicKeyToken=b03f5f7f11d50a3a' file path 'C:\Program Files\dotnet\sdk\9.0.313\Extensions\Microsoft.TestPlatform.TestHostRuntimeProvider.dll'
TpTrace Verbose: 0 : 19880, 2, 2026/05/10, 15:49:19.090, 14710872553217, vstest.console.dll, MetadataReaderExtensionsHelper: Discovering extensions inside assembly 'Microsoft.VisualStudio.TestPlatform.Extensions.Html.TestLogger, Version=15.0.0.0, Culture=neutral, PublicKeyToken=b03f5f7f11d50a3a' file path 'C:\Program Files\dotnet\sdk\9.0.313\Extensions\Microsoft.VisualStudio.TestPlatform.Extensions.Html.TestLogger.dll'
TpTrace Information: 0 : 19880, 2, 2026/05/10, 15:49:19.090, 14710872557912, vstest.console.dll, GetTestExtensionFromType: Register extension with identifier data 'logger://Microsoft/TestPlatform/HtmlLogger/v1' and type 'Microsoft.VisualStudio.TestPlatform.Extensions.HtmlLogger.HtmlLogger, Microsoft.VisualStudio.TestPlatform.Extensions.Html.TestLogger, Version=15.0.0.0, Culture=neutral, PublicKeyToken=b03f5f7f11d50a3a' inside file 'C:\Program Files\dotnet\sdk\9.0.313\Extensions\Microsoft.VisualStudio.TestPlatform.Extensions.Html.TestLogger.dll'
TpTrace Verbose: 0 : 19880, 2, 2026/05/10, 15:49:19.090, 14710872558524, vstest.console.dll, MetadataReaderExtensionsHelper: Discovering extensions inside assembly 'Microsoft.VisualStudio.TestPlatform.Extensions.Trx.TestLogger, Version=15.0.0.0, Culture=neutral, PublicKeyToken=b03f5f7f11d50a3a' file path 'C:\Program Files\dotnet\sdk\9.0.313\Extensions\Microsoft.VisualStudio.TestPlatform.Extensions.Trx.TestLogger.dll'
TpTrace Information: 0 : 19880, 2, 2026/05/10, 15:49:19.091, 14710872562318, vstest.console.dll, GetTestExtensionFromType: Register extension with identifier data 'logger://Microsoft/TestPlatform/TrxLogger/v1' and type 'Microsoft.VisualStudio.TestPlatform.Extensions.TrxLogger.TrxLogger, Microsoft.VisualStudio.TestPlatform.Extensions.Trx.TestLogger, Version=15.0.0.0, Culture=neutral, PublicKeyToken=b03f5f7f11d50a3a' inside file 'C:\Program Files\dotnet\sdk\9.0.313\Extensions\Microsoft.VisualStudio.TestPlatform.Extensions.Trx.TestLogger.dll'
TpTrace Verbose: 0 : 19880, 2, 2026/05/10, 15:49:19.091, 14710872563059, vstest.console.dll, TestPluginCache: Discovered the extensions using extension path ''.
TpTrace Verbose: 0 : 19880, 2, 2026/05/10, 15:49:19.091, 14710872563329, vstest.console.dll, TestPluginCache: Discoverers are ''.
TpTrace Verbose: 0 : 19880, 2, 2026/05/10, 15:49:19.091, 14710872563517, vstest.console.dll, TestPluginCache: Executors are ''.
TpTrace Verbose: 0 : 19880, 2, 2026/05/10, 15:49:19.091, 14710872563684, vstest.console.dll, TestPluginCache: Executors2 are ''.
TpTrace Verbose: 0 : 19880, 2, 2026/05/10, 15:49:19.091, 14710872563849, vstest.console.dll, TestPluginCache: Setting providers are ''.
TpTrace Verbose: 0 : 19880, 2, 2026/05/10, 15:49:19.091, 14710872564365, vstest.console.dll, TestPluginCache: Loggers are 'logger://Microsoft/TestPlatform/Extensions/Blame/v1,logger://Microsoft/TestPlatform/HtmlLogger/v1,logger://Microsoft/TestPlatform/TrxLogger/v1'.
TpTrace Verbose: 0 : 19880, 2, 2026/05/10, 15:49:19.091, 14710872564686, vstest.console.dll, TestPluginCache: TestHosts are 'HostProvider://DefaultTestHost,HostProvider://DotnetTestHost'.
TpTrace Verbose: 0 : 19880, 2, 2026/05/10, 15:49:19.091, 14710872564929, vstest.console.dll, TestPluginCache: DataCollectors are ''.
TpTrace Information: 0 : 19880, 2, 2026/05/10, 15:49:19.092, 14710872571312, vstest.console.dll, TestPluginManager.CreateTestExtension: Attempting to load test extension: Microsoft.VisualStudio.TestPlatform.Extensions.TrxLogger.TrxLogger
TpTrace Verbose: 0 : 19880, 2, 2026/05/10, 15:49:19.099, 14710872644336, vstest.console.dll, TestEngine: Initializing Parallel Execution as MaxCpuCount is set to: 1
TpTrace Information: 0 : 19880, 2, 2026/05/10, 15:49:19.100, 14710872653381, vstest.console.dll, TestPluginManager.CreateTestExtension: Attempting to load test extension: Microsoft.VisualStudio.TestPlatform.CrossPlatEngine.Hosting.DefaultTestHostManager
TpTrace Information: 0 : 19880, 2, 2026/05/10, 15:49:19.101, 14710872661047, vstest.console.dll, TestPluginManager.CreateTestExtension: Attempting to load test extension: Microsoft.VisualStudio.TestPlatform.CrossPlatEngine.Hosting.DotnetTestHostManager
TpTrace Verbose: 0 : 19880, 2, 2026/05/10, 15:49:19.101, 14710872663641, vstest.console.dll, TestHostManagerCallbacks.ctor: Forwarding output is enabled.
TpTrace Information: 0 : 19880, 2, 2026/05/10, 15:49:19.101, 14710872667263, vstest.console.dll, InferRunSettingsHelper.IsTestSettingsEnabled: Unable to navigate to RunSettings/MSTest. Current node: RunSettings
TpTrace Verbose: 0 : 19880, 2, 2026/05/10, 15:49:19.102, 14710872671925, vstest.console.dll, ParallelOperationManager.ClearSlots: Clearing all slots. Slots should accept more work: True
TpTrace Verbose: 0 : 19880, 2, 2026/05/10, 15:49:19.102, 14710872676804, vstest.console.dll, ParallelOperationManager.SetOccupiedSlotCount: Setting slot counts AvailableSlotCount = 1, OccupiedSlotCount = 0.
TpTrace Verbose: 0 : 19880, 2, 2026/05/10, 15:49:19.103, 14710872680242, vstest.console.dll, Occupied slots:

TpTrace Verbose: 0 : 19880, 2, 2026/05/10, 15:49:19.105, 14710872708519, vstest.console.dll, TestEngine.GetExecutionManager: Chosen execution manager 'Microsoft.VisualStudio.TestPlatform.CrossPlatEngine.Client.Parallel.ParallelProxyExecutionManager, Microsoft.TestPlatform.CrossPlatEngine, Version=15.0.0.0, Culture=neutral, PublicKeyToken=b03f5f7f11d50a3a' ParallelLevel '1'.
TpTrace Verbose: 0 : 19880, 2, 2026/05/10, 15:49:19.106, 14710872709875, vstest.console.dll, TestPlatform.GetSkipDefaultAdapters: Not skipping default adapters SkipDefaultAdapters was false.
TpTrace Verbose: 0 : 19880, 2, 2026/05/10, 15:49:19.106, 14710872710859, vstest.console.dll, TestRunRequest.ExecuteAsync: Creating test run request.
TpTrace Verbose: 0 : 19880, 2, 2026/05/10, 15:49:19.106, 14710872712788, vstest.console.dll, TestRunRequest.ExecuteAsync: Starting.
TpTrace Information: 0 : 19880, 2, 2026/05/10, 15:49:19.107, 14710872721869, vstest.console.dll, TestRunRequest.ExecuteAsync: Starting run with settings:TestRunCriteria:
   KeepAlive=False,FrequencyOfRunStatsChangeEvent=10,RunStatsChangeEventTimeout=00:00:01.5000000,TestCaseFilter=,TestExecutorLauncher=
   Settingsxml=<RunSettings>
  <RunConfiguration>
    <ResultsDirectory>C:\src\ElBruno.NetAgent\tests\ElBruno.NetAgent.Tests\TestResults</ResultsDirectory>
    <TargetPlatform>X64</TargetPlatform>
    <TargetFrameworkVersion>.NETCoreApp,Version=v9.0</TargetFrameworkVersion>
    <DesignMode>False</DesignMode>
    <CollectSourceInformation>False</CollectSourceInformation>
  </RunConfiguration>
  <LoggerRunSettings>
    <Loggers>
      <Logger friendlyName="trx" enabled="True">
        <Configuration>
          <LogFileName>results.trx</LogFileName>
        </Configuration>
      </Logger>
      <Logger friendlyName="Microsoft.TestPlatform.MSBuildLogger" assemblyQualifiedName="Microsoft.VisualStudio.TestPlatform.CommandLine.Internal.MSBuildLogger, vstest.console, Version=15.0.0.0, Culture=neutral, PublicKeyToken=b03f5f7f11d50a3a" codeBase="C:\Program Files\dotnet\sdk\9.0.313\vstest.console.dll" enabled="True">
        <Configuration>
          <Verbosity>minimal</Verbosity>
        </Configuration>
      </Logger>
    </Loggers>
  </LoggerRunSettings>
</RunSettings>

TpTrace Verbose: 0 : 19880, 2, 2026/05/10, 15:49:19.107, 14710872722479, vstest.console.dll, TestRunRequest.ExecuteAsync: Wait for the first run request is over.
TpTrace Verbose: 0 : 19880, 2, 2026/05/10, 15:49:19.107, 14710872724670, vstest.console.dll, MulticastDelegateUtilities.SafeInvoke: TestRun.TestRunStart: Invoking callbacks was skipped because there are no subscribers.
TpTrace Verbose: 0 : 19880, 2, 2026/05/10, 15:49:19.108, 14710872733472, vstest.console.dll, ParallelProxyExecutionManager: Start execution. Total sources: 1
TpTrace Verbose: 0 : 19880, 2, 2026/05/10, 15:49:19.108, 14710872736473, vstest.console.dll, ParallelOperationManager.StartWork: Starting adding 1 workloads.
TpTrace Verbose: 0 : 19880, 2, 2026/05/10, 15:49:19.108, 14710872737205, vstest.console.dll, ParallelOperationManager.ClearSlots: Clearing all slots. Slots should accept more work: True
TpTrace Verbose: 0 : 19880, 2, 2026/05/10, 15:49:19.108, 14710872737772, vstest.console.dll, ParallelOperationManager.SetOccupiedSlotCount: Setting slot counts AvailableSlotCount = 1, OccupiedSlotCount = 0.
TpTrace Verbose: 0 : 19880, 2, 2026/05/10, 15:49:19.108, 14710872738066, vstest.console.dll, Occupied slots:

TpTrace Verbose: 0 : 19880, 2, 2026/05/10, 15:49:19.109, 14710872747673, vstest.console.dll, TestHostManagerCallbacks.ctor: Forwarding output is enabled.
TpTrace Verbose: 0 : 19880, 2, 2026/05/10, 15:49:19.110, 14710872749776, vstest.console.dll, TestRequestSender is acting as server.
TpTrace Verbose: 0 : 19880, 2, 2026/05/10, 15:49:19.110, 14710872752662, vstest.console.dll, ParallelOperationManager.RunWorkInParallel: Adding 1 workload to slot, remaining workloads 0.
TpTrace Verbose: 0 : 19880, 2, 2026/05/10, 15:49:19.110, 14710872753227, vstest.console.dll, ParallelOperationManager.SetOccupiedSlotCount: Setting slot counts AvailableSlotCount = 0, OccupiedSlotCount = 1.
TpTrace Verbose: 0 : 19880, 2, 2026/05/10, 15:49:19.110, 14710872754054, vstest.console.dll, Occupied slots:
0: C:\src\ElBruno.NetAgent\tests\ElBruno.NetAgent.Tests\bin\Release\net9.0-windows\ElBruno.NetAgent.Tests.dll
TpTrace Verbose: 0 : 19880, 2, 2026/05/10, 15:49:19.111, 14710872764423, vstest.console.dll, ParallelOperationManager.RunWorkInParallel: Started host in slot number 0 for work (source): C:\src\ElBruno.NetAgent\tests\ElBruno.NetAgent.Tests\bin\Release\net9.0-windows\ElBruno.NetAgent.Tests.dll.
TpTrace Verbose: 0 : 19880, 2, 2026/05/10, 15:49:19.112, 14710872771852, vstest.console.dll, ParallelOperationManager.RunWorkInParallel: We started 1 work items, which is the max parallel level. Won't start more work.
TpTrace Verbose: 0 : 19880, 2, 2026/05/10, 15:49:19.112, 14710872772359, vstest.console.dll, ParallelOperationManager.RunWorkInParallel: We started 1 work items in here, returning True.
TpTrace Information: 0 : 19880, 2, 2026/05/10, 15:49:19.112, 14710872772636, vstest.console.dll, TestRunRequest.ExecuteAsync: Started.
TpTrace Verbose: 0 : 19880, 5, 2026/05/10, 15:49:19.112, 14710872774025, vstest.console.dll, ParallelProxyExecutionManager.StartTestRunOnConcurrentManager: Initializing uninitialized client. Started clients: 0
TpTrace Verbose: 0 : 19880, 5, 2026/05/10, 15:49:19.112, 14710872774926, vstest.console.dll, ParallelProxyExecutionManager.StartTestRunOnConcurrentManager: Initializing test run. Started clients: 0
TpTrace Verbose: 0 : 19880, 5, 2026/05/10, 15:49:19.112, 14710872775771, vstest.console.dll, ProxyExecutionManager: Test host is always Lazy initialize.
TpTrace Verbose: 0 : 19880, 2, 2026/05/10, 15:49:19.112, 14710872777335, vstest.console.dll, TestRunRequest.WaitForCompletion: Waiting with timeout -1.
TpTrace Verbose: 0 : 19880, 5, 2026/05/10, 15:49:19.112, 14710872777649, vstest.console.dll, TestRequestSender.InitializeCommunication: initialize communication. 
TpTrace Information: 0 : 19880, 5, 2026/05/10, 15:49:19.120, 14710872855119, vstest.console.dll, SocketServer.Start: Listening on endpoint : 127.0.0.1:63230
TpTrace Verbose: 0 : 19880, 5, 2026/05/10, 15:49:19.125, 14710872906590, vstest.console.dll, DotnetTestHostmanager.GetTestHostProcessStartInfo: Platform environment 'X64' target architecture 'X64' framework '.NETCoreApp,Version=v9.0' OS 'Windows'
TpTrace Verbose: 0 : 19880, 5, 2026/05/10, 15:49:19.125, 14710872908366, vstest.console.dll, DotnetTestHostmanager: Adding  --runtimeconfig "C:\src\ElBruno.NetAgent\tests\ElBruno.NetAgent.Tests\bin\Release\net9.0-windows\ElBruno.NetAgent.Tests.runtimeconfig.json" in args
TpTrace Verbose: 0 : 19880, 5, 2026/05/10, 15:49:19.126, 14710872909336, vstest.console.dll, DotnetTestHostmanager: Adding  --depsfile "C:\src\ElBruno.NetAgent\tests\ElBruno.NetAgent.Tests\bin\Release\net9.0-windows\ElBruno.NetAgent.Tests.deps.json" in args
TpTrace Verbose: 0 : 19880, 5, 2026/05/10, 15:49:19.126, 14710872910711, vstest.console.dll, DotnetTestHostmanager.IsWinOnArm: Current PROCESSOR_ARCHITECTURE from environment variable 'AMD64'
TpTrace Verbose: 0 : 19880, 5, 2026/05/10, 15:49:19.126, 14710872911213, vstest.console.dll, DotnetTestHostmanager.IsWinOnArm: Is Windows on ARM 'False'
TpTrace Verbose: 0 : 19880, 5, 2026/05/10, 15:49:19.126, 14710872912153, vstest.console.dll, DotnetTestHostManager: testhost.exe found at path: C:\src\ElBruno.NetAgent\tests\ElBruno.NetAgent.Tests\bin\Release\net9.0-windows\testhost.exe
TpTrace Verbose: 0 : 19880, 5, 2026/05/10, 15:49:19.126, 14710872912568, vstest.console.dll, DotnetTestHostmanager: Full path of host exe is C:\src\ElBruno.NetAgent\tests\ElBruno.NetAgent.Tests\bin\Release\net9.0-windows\testhost.exe
TpTrace Verbose: 0 : 19880, 5, 2026/05/10, 15:49:19.126, 14710872913567, vstest.console.dll, DotnetTestHostmanager.LaunchTestHostAsync: VSTEST_DOTNET_ROOT_PATH=C:\Program Files\dotnet
TpTrace Verbose: 0 : 19880, 5, 2026/05/10, 15:49:19.126, 14710872913874, vstest.console.dll, DotnetTestHostmanager.LaunchTestHostAsync: VSTEST_DOTNET_ROOT_ARCHITECTURE=X64
TpTrace Verbose: 0 : 19880, 5, 2026/05/10, 15:49:19.129, 14710872939774, vstest.console.dll, DotnetTestHostManager: Starting process 'C:\src\ElBruno.NetAgent\tests\ElBruno.NetAgent.Tests\bin\Release\net9.0-windows\testhost.exe' with command line ' --runtimeconfig "C:\src\ElBruno.NetAgent\tests\ElBruno.NetAgent.Tests\bin\Release\net9.0-windows\ElBruno.NetAgent.Tests.runtimeconfig.json" --depsfile "C:\src\ElBruno.NetAgent\tests\ElBruno.NetAgent.Tests\bin\Release\net9.0-windows\ElBruno.NetAgent.Tests.deps.json" --port 63230 --endpoint 127.0.0.1:063230 --role client --parentprocessid 19880 --diag "C:\src\ElBruno.NetAgent\diag.host.26-05-10_15-49-19_12540_5.log" --tracelevel 4 --telemetryoptedin false'
TpTrace Verbose: 0 : 19880, 5, 2026/05/10, 15:49:19.140, 14710873057235, vstest.console.dll, Test Runtime launched
TpTrace Verbose: 0 : 19880, 5, 2026/05/10, 15:49:19.140, 14710873058724, vstest.console.dll, MulticastDelegateUtilities.SafeInvoke: HostProviderEvents.OnHostLaunched: Invoking callback 1/1 for Microsoft.VisualStudio.TestPlatform.CrossPlatEngine.Client.ProxyOperationManager., took 0 ms.
TpTrace Verbose: 0 : 19880, 5, 2026/05/10, 15:49:19.141, 14710873061763, vstest.console.dll, TestRequestSender.WaitForRequestHandlerConnection: waiting for connection with timeout: 90000.
TpTrace Verbose: 0 : 19880, 5, 2026/05/10, 15:49:19.343, 14710875086144, vstest.console.dll, TestRequestSender.WaitForRequestHandlerConnection: waiting took 202 ms, with timeout 90000 ms, and result 0, which is success.
TpTrace Verbose: 0 : 19880, 7, 2026/05/10, 15:49:19.343, 14710875086107, vstest.console.dll, MulticastDelegateUtilities.SafeInvoke: SocketServer: ClientConnected: Invoking callback 1/1 for Microsoft.VisualStudio.TestPlatform.CommunicationUtilities.TestRequestSender., took 0 ms.
TpTrace Verbose: 0 : 19880, 7, 2026/05/10, 15:49:19.343, 14710875088305, vstest.console.dll, SocketServer.OnClientConnected: Client connected for endPoint: 127.0.0.1:63230, starting MessageLoopAsync:
TpTrace Verbose: 0 : 19880, 7, 2026/05/10, 15:49:19.344, 14710875092876, vstest.console.dll, TcpClientExtensions.MessageLoopAsync: Polling on remoteEndPoint: 127.0.0.1:63231 localEndPoint: 127.0.0.1:63230 after 0 ms
TpTrace Verbose: 0 : 19880, 5, 2026/05/10, 15:49:19.384, 14710875489522, vstest.console.dll, TestRequestSender.CheckVersionWithTestHost: Sending check version message: {"MessageType":"ProtocolVersion","Payload":7}
TpTrace Verbose: 0 : 19880, 7, 2026/05/10, 15:49:19.475, 14710876400427, vstest.console.dll, TcpClientExtensions.MessageLoopAsync: NotifyDataAvailable remoteEndPoint: 127.0.0.1:63231 localEndPoint: 127.0.0.1:63230
TpTrace Verbose: 0 : 19880, 7, 2026/05/10, 15:49:19.475, 14710876404056, vstest.console.dll, TestRequestSender.CheckVersionWithTestHost: onMessageReceived received message: (ProtocolVersion) -> {"MessageType":"ProtocolVersion","Payload":7}
TpTrace Verbose: 0 : 19880, 7, 2026/05/10, 15:49:19.478, 14710876435401, vstest.console.dll, MulticastDelegateUtilities.SafeInvoke: LengthPrefixCommunicationChannel: MessageReceived: Invoking callback 1/1 for Microsoft.VisualStudio.TestPlatform.CommunicationUtilities.TestRequestSender+<>c__DisplayClass29_0., took 3 ms.
TpTrace Verbose: 0 : 19880, 7, 2026/05/10, 15:49:19.478, 14710876436105, vstest.console.dll, TcpClientExtensions.MessageLoopAsync: Polling on remoteEndPoint: 127.0.0.1:63231 localEndPoint: 127.0.0.1:63230 after 134 ms
TpTrace Verbose: 0 : 19880, 5, 2026/05/10, 15:49:19.478, 14710876436516, vstest.console.dll, TestPluginCache.GetExtensionPaths: Filtered extension paths: 
TpTrace Verbose: 0 : 19880, 5, 2026/05/10, 15:49:19.478, 14710876437296, vstest.console.dll, TestPluginCache.GetExtensionPaths: Added default extension paths: C:\Program Files\dotnet\sdk\9.0.313\Extensions\Microsoft.Diagnostics.NETCore.Client.dll
C:\Program Files\dotnet\sdk\9.0.313\Extensions\Microsoft.TestPlatform.Extensions.BlameDataCollector.dll
C:\Program Files\dotnet\sdk\9.0.313\Extensions\Microsoft.TestPlatform.Extensions.EventLogCollector.dll
C:\Program Files\dotnet\sdk\9.0.313\Extensions\Microsoft.TestPlatform.TestHostRuntimeProvider.dll
C:\Program Files\dotnet\sdk\9.0.313\Extensions\Microsoft.VisualStudio.TestPlatform.Extensions.Html.TestLogger.dll
C:\Program Files\dotnet\sdk\9.0.313\Extensions\Microsoft.VisualStudio.TestPlatform.Extensions.Trx.TestLogger.dll
TpTrace Verbose: 0 : 19880, 5, 2026/05/10, 15:49:19.478, 14710876437628, vstest.console.dll, TestPluginCache.GetExtensionPaths: Added unfilterableExtensionPaths: 
TpTrace Verbose: 0 : 19880, 7, 2026/05/10, 15:49:19.479, 14710876445076, vstest.console.dll, TcpClientExtensions.MessageLoopAsync: NotifyDataAvailable remoteEndPoint: 127.0.0.1:63231 localEndPoint: 127.0.0.1:63230
TpTrace Verbose: 0 : 19880, 5, 2026/05/10, 15:49:19.482, 14710876470115, vstest.console.dll, TestRequestSender.InitializeExecution: Sending initialize execution with message: {"Version":7,"MessageType":"TestExecution.Initialize","Payload":["C:\\src\\ElBruno.NetAgent\\tests\\ElBruno.NetAgent.Tests\\bin\\Release\\net9.0-windows\\Microsoft.VisualStudio.TestPlatform.MSTest.TestAdapter.dll","C:\\src\\ElBruno.NetAgent\\tests\\ElBruno.NetAgent.Tests\\bin\\Release\\net9.0-windows\\xunit.runner.visualstudio.dotnetcore.testadapter.dll"]}
TpTrace Verbose: 0 : 19880, 5, 2026/05/10, 15:49:19.482, 14710876471796, vstest.console.dll, ParallelProxyExecutionManager.StartTestRunOnConcurrentManager: Execution starting. Started clients: 1
TpTrace Warning: 0 : 19880, 5, 2026/05/10, 15:49:19.482, 14710876474746, vstest.console.dll, InferRunSettingsHelper.MakeRunsettingsCompatible: Removing the following settings: TargetPlatform from RunSettings file. To use those settings please move to latest version of Microsoft.NET.Test.Sdk
TpTrace Verbose: 0 : 19880, 7, 2026/05/10, 15:49:19.483, 14710876480325, vstest.console.dll, TestRequestSender.OnExecutionMessageReceived: Received message: {"Version":7,"MessageType":"TestSession.Message","Payload":{"MessageLevel":0,"Message":"Logging TestHost Diagnostics in file: C:\\src\\ElBruno.NetAgent\\diag.host.26-05-10_15-49-19_12540_5.log"}}
TpTrace Verbose: 0 : 19880, 7, 2026/05/10, 15:49:19.485, 14710876507928, vstest.console.dll, TestRunRequest:SendTestRunMessage: Starting.
TpTrace Verbose: 0 : 19880, 7, 2026/05/10, 15:49:19.486, 14710876509726, vstest.console.dll, MulticastDelegateUtilities.SafeInvoke: TestRun.LogMessages: Invoking callback 1/1 for Microsoft.VisualStudio.TestPlatform.CommandLine.TestRunResultAggregator., took 0 ms.
TpTrace Information: 0 : 19880, 7, 2026/05/10, 15:49:19.486, 14710876510129, vstest.console.dll, TestRunRequest:SendTestRunMessage: Completed.
TpTrace Verbose: 0 : 19880, 7, 2026/05/10, 15:49:19.486, 14710876510411, vstest.console.dll, MulticastDelegateUtilities.SafeInvoke: LengthPrefixCommunicationChannel: MessageReceived: Invoking callback 1/1 for Microsoft.VisualStudio.TestPlatform.CommunicationUtilities.TestRequestSender+<>c__DisplayClass34_0., took 3 ms.
TpTrace Verbose: 0 : 19880, 7, 2026/05/10, 15:49:19.486, 14710876510706, vstest.console.dll, TcpClientExtensions.MessageLoopAsync: Polling on remoteEndPoint: 127.0.0.1:63231 localEndPoint: 127.0.0.1:63230 after 7 ms
TpTrace Verbose: 0 : 19880, 4, 2026/05/10, 15:49:19.486, 14710876511931, vstest.console.dll, MulticastDelegateUtilities.SafeInvoke: InternalTestLoggerEvents.SendTestRunMessage: Invoking callback 1/2 for Microsoft.VisualStudio.TestPlatform.Extensions.TrxLogger.TrxLogger., took 0 ms.
TpTrace Verbose: 0 : 19880, 4, 2026/05/10, 15:49:19.486, 14710876514340, vstest.console.dll, MulticastDelegateUtilities.SafeInvoke: InternalTestLoggerEvents.SendTestRunMessage: Invoking callback 2/2 for Microsoft.VisualStudio.TestPlatform.CommandLine.Internal.MSBuildLogger., took 0 ms.
TpTrace Verbose: 0 : 19880, 5, 2026/05/10, 15:49:19.488, 14710876538718, vstest.console.dll, TestRequestSender.StartTestRun: Sending test run with message: {"Version":7,"MessageType":"TestExecution.StartWithSources","Payload":{"AdapterSourceMap":{"_none_":["C:\\src\\ElBruno.NetAgent\\tests\\ElBruno.NetAgent.Tests\\bin\\Release\\net9.0-windows\\ElBruno.NetAgent.Tests.dll"]},"RunSettings":"<RunSettings>\r\n  <RunConfiguration>\r\n    <ResultsDirectory>C:\\src\\ElBruno.NetAgent\\tests\\ElBruno.NetAgent.Tests\\TestResults</ResultsDirectory>\r\n    <TargetFrameworkVersion>.NETCoreApp,Version=v9.0</TargetFrameworkVersion>\r\n    <DesignMode>False</DesignMode>\r\n    <CollectSourceInformation>False</CollectSourceInformation>\r\n  </RunConfiguration>\r\n  <LoggerRunSettings>\r\n    <Loggers>\r\n      <Logger friendlyName=\"trx\" enabled=\"True\">\r\n        <Configuration>\r\n          <LogFileName>results.trx</LogFileName>\r\n        </Configuration>\r\n      </Logger>\r\n      <Logger friendlyName=\"Microsoft.TestPlatform.MSBuildLogger\" assemblyQualifiedName=\"Microsoft.VisualStudio.TestPlatform.CommandLine.Internal.MSBuildLogger, vstest.console, Version=15.0.0.0, Culture=neutral, PublicKeyToken=b03f5f7f11d50a3a\" codeBase=\"C:\\Program Files\\dotnet\\sdk\\9.0.313\\vstest.console.dll\" enabled=\"True\">\r\n        <Configuration>\r\n          <Verbosity>minimal</Verbosity>\r\n        </Configuration>\r\n      </Logger>\r\n    </Loggers>\r\n  </LoggerRunSettings>\r\n</RunSettings>","TestExecutionContext":{"FrequencyOfRunStatsChangeEvent":10,"RunStatsChangeEventTimeout":"00:00:01.5000000","InIsolation":false,"KeepAlive":false,"AreTestCaseLevelEventsRequired":false,"IsDebug":false,"TestCaseFilter":null,"FilterOptions":null},"Package":null}}
TpTrace Verbose: 0 : 19880, 5, 2026/05/10, 15:49:19.489, 14710876540928, vstest.console.dll, ParallelProxyExecutionManager.StartTestRunOnConcurrentManager: Execution started. Started clients: 1
TpTrace Verbose: 0 : 19880, 7, 2026/05/10, 15:49:19.638, 14710878033223, vstest.console.dll, TcpClientExtensions.MessageLoopAsync: NotifyDataAvailable remoteEndPoint: 127.0.0.1:63231 localEndPoint: 127.0.0.1:63230
TpTrace Verbose: 0 : 19880, 7, 2026/05/10, 15:49:19.638, 14710878034905, vstest.console.dll, TestRequestSender.OnExecutionMessageReceived: Received message: {"Version":7,"MessageType":"TestSession.Message","Payload":{"MessageLevel":0,"Message":"[xUnit.net 00:00:00.00] xUnit.net VSTest Adapter v2.4.5+1caef2f33e (64-bit .NET 9.0.15)"}}
TpTrace Verbose: 0 : 19880, 7, 2026/05/10, 15:49:19.638, 14710878038079, vstest.console.dll, TestRunRequest:SendTestRunMessage: Starting.
TpTrace Verbose: 0 : 19880, 7, 2026/05/10, 15:49:19.639, 14710878039642, vstest.console.dll, MulticastDelegateUtilities.SafeInvoke: TestRun.LogMessages: Invoking callback 1/1 for Microsoft.VisualStudio.TestPlatform.CommandLine.TestRunResultAggregator., took 0 ms.
TpTrace Verbose: 0 : 19880, 4, 2026/05/10, 15:49:19.639, 14710878039936, vstest.console.dll, MulticastDelegateUtilities.SafeInvoke: InternalTestLoggerEvents.SendTestRunMessage: Invoking callback 1/2 for Microsoft.VisualStudio.TestPlatform.Extensions.TrxLogger.TrxLogger., took 0 ms.
TpTrace Information: 0 : 19880, 7, 2026/05/10, 15:49:19.639, 14710878040908, vstest.console.dll, TestRunRequest:SendTestRunMessage: Completed.
TpTrace Verbose: 0 : 19880, 7, 2026/05/10, 15:49:19.639, 14710878041549, vstest.console.dll, MulticastDelegateUtilities.SafeInvoke: LengthPrefixCommunicationChannel: MessageReceived: Invoking callback 1/1 for Microsoft.VisualStudio.TestPlatform.CommunicationUtilities.TestRequestSender+<>c__DisplayClass34_0., took 0 ms.
TpTrace Verbose: 0 : 19880, 7, 2026/05/10, 15:49:19.639, 14710878042102, vstest.console.dll, TcpClientExtensions.MessageLoopAsync: Polling on remoteEndPoint: 127.0.0.1:63231 localEndPoint: 127.0.0.1:63230 after 153 ms
TpTrace Verbose: 0 : 19880, 4, 2026/05/10, 15:49:19.639, 14710878042245, vstest.console.dll, MulticastDelegateUtilities.SafeInvoke: InternalTestLoggerEvents.SendTestRunMessage: Invoking callback 2/2 for Microsoft.VisualStudio.TestPlatform.CommandLine.Internal.MSBuildLogger., took 0 ms.
TpTrace Verbose: 0 : 19880, 7, 2026/05/10, 15:49:20.338, 14710885031449, vstest.console.dll, TcpClientExtensions.MessageLoopAsync: NotifyDataAvailable remoteEndPoint: 127.0.0.1:63231 localEndPoint: 127.0.0.1:63230
TpTrace Verbose: 0 : 19880, 7, 2026/05/10, 15:49:20.338, 14710885033749, vstest.console.dll, TestRequestSender.OnExecutionMessageReceived: Received message: {"Version":7,"MessageType":"TestSession.Message","Payload":{"MessageLevel":0,"Message":"[xUnit.net 00:00:00.70]   Discovering: ElBruno.NetAgent.Tests"}}
TpTrace Verbose: 0 : 19880, 7, 2026/05/10, 15:49:20.338, 14710885035885, vstest.console.dll, TestRunRequest:SendTestRunMessage: Starting.
TpTrace Verbose: 0 : 19880, 7, 2026/05/10, 15:49:20.338, 14710885036920, vstest.console.dll, MulticastDelegateUtilities.SafeInvoke: TestRun.LogMessages: Invoking callback 1/1 for Microsoft.VisualStudio.TestPlatform.CommandLine.TestRunResultAggregator., took 0 ms.
TpTrace Information: 0 : 19880, 7, 2026/05/10, 15:49:20.338, 14710885037312, vstest.console.dll, TestRunRequest:SendTestRunMessage: Completed.
TpTrace Verbose: 0 : 19880, 4, 2026/05/10, 15:49:20.338, 14710885037198, vstest.console.dll, MulticastDelegateUtilities.SafeInvoke: InternalTestLoggerEvents.SendTestRunMessage: Invoking callback 1/2 for Microsoft.VisualStudio.TestPlatform.Extensions.TrxLogger.TrxLogger., took 0 ms.
TpTrace Verbose: 0 : 19880, 7, 2026/05/10, 15:49:20.338, 14710885037732, vstest.console.dll, MulticastDelegateUtilities.SafeInvoke: LengthPrefixCommunicationChannel: MessageReceived: Invoking callback 1/1 for Microsoft.VisualStudio.TestPlatform.CommunicationUtilities.TestRequestSender+<>c__DisplayClass34_0., took 0 ms.
TpTrace Verbose: 0 : 19880, 7, 2026/05/10, 15:49:20.338, 14710885039029, vstest.console.dll, TcpClientExtensions.MessageLoopAsync: Polling on remoteEndPoint: 127.0.0.1:63231 localEndPoint: 127.0.0.1:63230 after 699 ms
TpTrace Verbose: 0 : 19880, 4, 2026/05/10, 15:49:20.339, 14710885039246, vstest.console.dll, MulticastDelegateUtilities.SafeInvoke: InternalTestLoggerEvents.SendTestRunMessage: Invoking callback 2/2 for Microsoft.VisualStudio.TestPlatform.CommandLine.Internal.MSBuildLogger., took 0 ms.
TpTrace Verbose: 0 : 19880, 7, 2026/05/10, 15:49:20.365, 14710885305122, vstest.console.dll, TcpClientExtensions.MessageLoopAsync: NotifyDataAvailable remoteEndPoint: 127.0.0.1:63231 localEndPoint: 127.0.0.1:63230
TpTrace Verbose: 0 : 19880, 7, 2026/05/10, 15:49:20.365, 14710885306731, vstest.console.dll, TestRequestSender.OnExecutionMessageReceived: Received message: {"Version":7,"MessageType":"TestSession.Message","Payload":{"MessageLevel":0,"Message":"[xUnit.net 00:00:00.72]   Discovered:  ElBruno.NetAgent.Tests"}}
TpTrace Verbose: 0 : 19880, 7, 2026/05/10, 15:49:20.365, 14710885308019, vstest.console.dll, TestRunRequest:SendTestRunMessage: Starting.
TpTrace Verbose: 0 : 19880, 7, 2026/05/10, 15:49:20.365, 14710885308810, vstest.console.dll, MulticastDelegateUtilities.SafeInvoke: TestRun.LogMessages: Invoking callback 1/1 for Microsoft.VisualStudio.TestPlatform.CommandLine.TestRunResultAggregator., took 0 ms.
TpTrace Information: 0 : 19880, 7, 2026/05/10, 15:49:20.365, 14710885309171, vstest.console.dll, TestRunRequest:SendTestRunMessage: Completed.
TpTrace Verbose: 0 : 19880, 4, 2026/05/10, 15:49:20.366, 14710885309250, vstest.console.dll, MulticastDelegateUtilities.SafeInvoke: InternalTestLoggerEvents.SendTestRunMessage: Invoking callback 1/2 for Microsoft.VisualStudio.TestPlatform.Extensions.TrxLogger.TrxLogger., took 0 ms.
TpTrace Verbose: 0 : 19880, 7, 2026/05/10, 15:49:20.366, 14710885309641, vstest.console.dll, MulticastDelegateUtilities.SafeInvoke: LengthPrefixCommunicationChannel: MessageReceived: Invoking callback 1/1 for Microsoft.VisualStudio.TestPlatform.CommunicationUtilities.TestRequestSender+<>c__DisplayClass34_0., took 0 ms.
TpTrace Verbose: 0 : 19880, 7, 2026/05/10, 15:49:20.366, 14710885311057, vstest.console.dll, TcpClientExtensions.MessageLoopAsync: Polling on remoteEndPoint: 127.0.0.1:63231 localEndPoint: 127.0.0.1:63230 after 27 ms
TpTrace Verbose: 0 : 19880, 4, 2026/05/10, 15:49:20.366, 14710885311346, vstest.console.dll, MulticastDelegateUtilities.SafeInvoke: InternalTestLoggerEvents.SendTestRunMessage: Invoking callback 2/2 for Microsoft.VisualStudio.TestPlatform.CommandLine.Internal.MSBuildLogger., took 0 ms.
TpTrace Verbose: 0 : 19880, 7, 2026/05/10, 15:49:20.368, 14710885329226, vstest.console.dll, TcpClientExtensions.MessageLoopAsync: NotifyDataAvailable remoteEndPoint: 127.0.0.1:63231 localEndPoint: 127.0.0.1:63230
TpTrace Verbose: 0 : 19880, 7, 2026/05/10, 15:49:20.368, 14710885330202, vstest.console.dll, TestRequestSender.OnExecutionMessageReceived: Received message: {"Version":7,"MessageType":"TestSession.Message","Payload":{"MessageLevel":0,"Message":"[xUnit.net 00:00:00.73]   Starting:    ElBruno.NetAgent.Tests"}}
TpTrace Verbose: 0 : 19880, 7, 2026/05/10, 15:49:20.368, 14710885331068, vstest.console.dll, TestRunRequest:SendTestRunMessage: Starting.
TpTrace Verbose: 0 : 19880, 7, 2026/05/10, 15:49:20.368, 14710885331816, vstest.console.dll, MulticastDelegateUtilities.SafeInvoke: TestRun.LogMessages: Invoking callback 1/1 for Microsoft.VisualStudio.TestPlatform.CommandLine.TestRunResultAggregator., took 0 ms.
TpTrace Verbose: 0 : 19880, 4, 2026/05/10, 15:49:20.368, 14710885332054, vstest.console.dll, MulticastDelegateUtilities.SafeInvoke: InternalTestLoggerEvents.SendTestRunMessage: Invoking callback 1/2 for Microsoft.VisualStudio.TestPlatform.Extensions.TrxLogger.TrxLogger., took 0 ms.
TpTrace Information: 0 : 19880, 7, 2026/05/10, 15:49:20.368, 14710885332998, vstest.console.dll, TestRunRequest:SendTestRunMessage: Completed.
TpTrace Verbose: 0 : 19880, 4, 2026/05/10, 15:49:20.368, 14710885333760, vstest.console.dll, MulticastDelegateUtilities.SafeInvoke: InternalTestLoggerEvents.SendTestRunMessage: Invoking callback 2/2 for Microsoft.VisualStudio.TestPlatform.CommandLine.Internal.MSBuildLogger., took 0 ms.
TpTrace Verbose: 0 : 19880, 7, 2026/05/10, 15:49:20.368, 14710885334019, vstest.console.dll, MulticastDelegateUtilities.SafeInvoke: LengthPrefixCommunicationChannel: MessageReceived: Invoking callback 1/1 for Microsoft.VisualStudio.TestPlatform.CommunicationUtilities.TestRequestSender+<>c__DisplayClass34_0., took 0 ms.
TpTrace Verbose: 0 : 19880, 7, 2026/05/10, 15:49:20.368, 14710885335785, vstest.console.dll, TcpClientExtensions.MessageLoopAsync: Polling on remoteEndPoint: 127.0.0.1:63231 localEndPoint: 127.0.0.1:63230 after 2 ms
TpTrace Verbose: 0 : 19880, 7, 2026/05/10, 15:49:20.396, 14710885616294, vstest.console.dll, TcpClientExtensions.MessageLoopAsync: NotifyDataAvailable remoteEndPoint: 127.0.0.1:63231 localEndPoint: 127.0.0.1:63230
TpTrace Verbose: 0 : 19880, 7, 2026/05/10, 15:49:20.396, 14710885618005, vstest.console.dll, TestRequestSender.OnExecutionMessageReceived: Received message: {"Version":7,"MessageType":"TestSession.Message","Payload":{"MessageLevel":1,"Message":"[xUnit.net 00:00:00.76]     ElBruno.NetAgent.Tests.TrayIntegrationTests.PreviewBestSwitch_DryRun_DoesNotMutate [SKIP]"}}
TpTrace Verbose: 0 : 19880, 7, 2026/05/10, 15:49:20.397, 14710885619987, vstest.console.dll, TestRunRequest:SendTestRunMessage: Starting.
TpTrace Verbose: 0 : 19880, 7, 2026/05/10, 15:49:20.397, 14710885621084, vstest.console.dll, MulticastDelegateUtilities.SafeInvoke: TestRun.LogMessages: Invoking callback 1/1 for Microsoft.VisualStudio.TestPlatform.CommandLine.TestRunResultAggregator., took 0 ms.
TpTrace Information: 0 : 19880, 7, 2026/05/10, 15:49:20.397, 14710885621505, vstest.console.dll, TestRunRequest:SendTestRunMessage: Completed.
TpTrace Verbose: 0 : 19880, 7, 2026/05/10, 15:49:20.397, 14710885621778, vstest.console.dll, MulticastDelegateUtilities.SafeInvoke: LengthPrefixCommunicationChannel: MessageReceived: Invoking callback 1/1 for Microsoft.VisualStudio.TestPlatform.CommunicationUtilities.TestRequestSender+<>c__DisplayClass34_0., took 0 ms.
TpTrace Verbose: 0 : 19880, 4, 2026/05/10, 15:49:20.397, 14710885622046, vstest.console.dll, MulticastDelegateUtilities.SafeInvoke: InternalTestLoggerEvents.SendTestRunMessage: Invoking callback 1/2 for Microsoft.VisualStudio.TestPlatform.Extensions.TrxLogger.TrxLogger., took 0 ms.
TpTrace Verbose: 0 : 19880, 7, 2026/05/10, 15:49:20.397, 14710885622582, vstest.console.dll, TcpClientExtensions.MessageLoopAsync: Polling on remoteEndPoint: 127.0.0.1:63231 localEndPoint: 127.0.0.1:63230 after 28 ms
TpTrace Verbose: 0 : 19880, 7, 2026/05/10, 15:49:20.397, 14710885623991, vstest.console.dll, TcpClientExtensions.MessageLoopAsync: NotifyDataAvailable remoteEndPoint: 127.0.0.1:63231 localEndPoint: 127.0.0.1:63230
TpTrace Verbose: 0 : 19880, 7, 2026/05/10, 15:49:20.397, 14710885624513, vstest.console.dll, TestRequestSender.OnExecutionMessageReceived: Received message: {"Version":7,"MessageType":"TestSession.Message","Payload":{"MessageLevel":0,"Message":"[xUnit.net 00:00:00.76]       Integration: requires OS resources - skipped in unit runs"}}
TpTrace Verbose: 0 : 19880, 4, 2026/05/10, 15:49:20.397, 14710885624934, vstest.console.dll, MulticastDelegateUtilities.SafeInvoke: InternalTestLoggerEvents.SendTestRunMessage: Invoking callback 2/2 for Microsoft.VisualStudio.TestPlatform.CommandLine.Internal.MSBuildLogger., took 0 ms.
TpTrace Verbose: 0 : 19880, 7, 2026/05/10, 15:49:20.397, 14710885625195, vstest.console.dll, TestRunRequest:SendTestRunMessage: Starting.
TpTrace Verbose: 0 : 19880, 7, 2026/05/10, 15:49:20.397, 14710885626742, vstest.console.dll, MulticastDelegateUtilities.SafeInvoke: TestRun.LogMessages: Invoking callback 1/1 for Microsoft.VisualStudio.TestPlatform.CommandLine.TestRunResultAggregator., took 0 ms.
TpTrace Verbose: 0 : 19880, 4, 2026/05/10, 15:49:20.397, 14710885626960, vstest.console.dll, MulticastDelegateUtilities.SafeInvoke: InternalTestLoggerEvents.SendTestRunMessage: Invoking callback 1/2 for Microsoft.VisualStudio.TestPlatform.Extensions.TrxLogger.TrxLogger., took 0 ms.
TpTrace Information: 0 : 19880, 7, 2026/05/10, 15:49:20.397, 14710885627527, vstest.console.dll, TestRunRequest:SendTestRunMessage: Completed.
TpTrace Verbose: 0 : 19880, 4, 2026/05/10, 15:49:20.397, 14710885629128, vstest.console.dll, MulticastDelegateUtilities.SafeInvoke: InternalTestLoggerEvents.SendTestRunMessage: Invoking callback 2/2 for Microsoft.VisualStudio.TestPlatform.CommandLine.Internal.MSBuildLogger., took 0 ms.
TpTrace Verbose: 0 : 19880, 7, 2026/05/10, 15:49:20.398, 14710885629333, vstest.console.dll, MulticastDelegateUtilities.SafeInvoke: LengthPrefixCommunicationChannel: MessageReceived: Invoking callback 1/1 for Microsoft.VisualStudio.TestPlatform.CommunicationUtilities.TestRequestSender+<>c__DisplayClass34_0., took 0 ms.
TpTrace Verbose: 0 : 19880, 7, 2026/05/10, 15:49:20.398, 14710885631227, vstest.console.dll, TcpClientExtensions.MessageLoopAsync: Polling on remoteEndPoint: 127.0.0.1:63231 localEndPoint: 127.0.0.1:63230 after 0 ms
TpTrace Verbose: 0 : 19880, 7, 2026/05/10, 15:49:20.401, 14710885662692, vstest.console.dll, TcpClientExtensions.MessageLoopAsync: NotifyDataAvailable remoteEndPoint: 127.0.0.1:63231 localEndPoint: 127.0.0.1:63230
TpTrace Verbose: 0 : 19880, 7, 2026/05/10, 15:49:20.401, 14710885664041, vstest.console.dll, TestRequestSender.OnExecutionMessageReceived: Received message: {"Version":7,"MessageType":"TestSession.Message","Payload":{"MessageLevel":1,"Message":"[xUnit.net 00:00:00.76]     ElBruno.NetAgent.Tests.TrayIntegrationTests.DI_Resolves_CoreServices [SKIP]"}}
TpTrace Verbose: 0 : 19880, 7, 2026/05/10, 15:49:20.401, 14710885665784, vstest.console.dll, TestRunRequest:SendTestRunMessage: Starting.
TpTrace Verbose: 0 : 19880, 7, 2026/05/10, 15:49:20.401, 14710885666886, vstest.console.dll, MulticastDelegateUtilities.SafeInvoke: TestRun.LogMessages: Invoking callback 1/1 for Microsoft.VisualStudio.TestPlatform.CommandLine.TestRunResultAggregator., took 0 ms.
TpTrace Verbose: 0 : 19880, 4, 2026/05/10, 15:49:20.401, 14710885667198, vstest.console.dll, MulticastDelegateUtilities.SafeInvoke: InternalTestLoggerEvents.SendTestRunMessage: Invoking callback 1/2 for Microsoft.VisualStudio.TestPlatform.Extensions.TrxLogger.TrxLogger., took 0 ms.
TpTrace Information: 0 : 19880, 7, 2026/05/10, 15:49:20.401, 14710885667277, vstest.console.dll, TestRunRequest:SendTestRunMessage: Completed.
TpTrace Verbose: 0 : 19880, 4, 2026/05/10, 15:49:20.401, 14710885668754, vstest.console.dll, MulticastDelegateUtilities.SafeInvoke: InternalTestLoggerEvents.SendTestRunMessage: Invoking callback 2/2 for Microsoft.VisualStudio.TestPlatform.CommandLine.Internal.MSBuildLogger., took 0 ms.
TpTrace Verbose: 0 : 19880, 7, 2026/05/10, 15:49:20.401, 14710885668487, vstest.console.dll, MulticastDelegateUtilities.SafeInvoke: LengthPrefixCommunicationChannel: MessageReceived: Invoking callback 1/1 for Microsoft.VisualStudio.TestPlatform.CommunicationUtilities.TestRequestSender+<>c__DisplayClass34_0., took 0 ms.
TpTrace Verbose: 0 : 19880, 7, 2026/05/10, 15:49:20.402, 14710885670550, vstest.console.dll, TcpClientExtensions.MessageLoopAsync: Polling on remoteEndPoint: 127.0.0.1:63231 localEndPoint: 127.0.0.1:63230 after 3 ms
TpTrace Verbose: 0 : 19880, 7, 2026/05/10, 15:49:20.402, 14710885671129, vstest.console.dll, TcpClientExtensions.MessageLoopAsync: NotifyDataAvailable remoteEndPoint: 127.0.0.1:63231 localEndPoint: 127.0.0.1:63230
TpTrace Verbose: 0 : 19880, 7, 2026/05/10, 15:49:20.402, 14710885671691, vstest.console.dll, TestRequestSender.OnExecutionMessageReceived: Received message: {"Version":7,"MessageType":"TestSession.Message","Payload":{"MessageLevel":0,"Message":"[xUnit.net 00:00:00.76]       Integration: requires OS resources - skipped in unit runs"}}
TpTrace Verbose: 0 : 19880, 7, 2026/05/10, 15:49:20.402, 14710885672490, vstest.console.dll, TestRunRequest:SendTestRunMessage: Starting.
TpTrace Verbose: 0 : 19880, 7, 2026/05/10, 15:49:20.402, 14710885673214, vstest.console.dll, MulticastDelegateUtilities.SafeInvoke: TestRun.LogMessages: Invoking callback 1/1 for Microsoft.VisualStudio.TestPlatform.CommandLine.TestRunResultAggregator., took 0 ms.
TpTrace Verbose: 0 : 19880, 4, 2026/05/10, 15:49:20.402, 14710885673408, vstest.console.dll, MulticastDelegateUtilities.SafeInvoke: InternalTestLoggerEvents.SendTestRunMessage: Invoking callback 1/2 for Microsoft.VisualStudio.TestPlatform.Extensions.TrxLogger.TrxLogger., took 0 ms.
TpTrace Information: 0 : 19880, 7, 2026/05/10, 15:49:20.402, 14710885673527, vstest.console.dll, TestRunRequest:SendTestRunMessage: Completed.
TpTrace Verbose: 0 : 19880, 4, 2026/05/10, 15:49:20.402, 14710885675070, vstest.console.dll, MulticastDelegateUtilities.SafeInvoke: InternalTestLoggerEvents.SendTestRunMessage: Invoking callback 2/2 for Microsoft.VisualStudio.TestPlatform.CommandLine.Internal.MSBuildLogger., took 0 ms.
TpTrace Verbose: 0 : 19880, 7, 2026/05/10, 15:49:20.402, 14710885675954, vstest.console.dll, MulticastDelegateUtilities.SafeInvoke: LengthPrefixCommunicationChannel: MessageReceived: Invoking callback 1/1 for Microsoft.VisualStudio.TestPlatform.CommunicationUtilities.TestRequestSender+<>c__DisplayClass34_0., took 0 ms.
TpTrace Verbose: 0 : 19880, 7, 2026/05/10, 15:49:20.402, 14710885677874, vstest.console.dll, TcpClientExtensions.MessageLoopAsync: Polling on remoteEndPoint: 127.0.0.1:63231 localEndPoint: 127.0.0.1:63230 after 0 ms
TpTrace Verbose: 0 : 19880, 7, 2026/05/10, 15:49:20.402, 14710885678250, vstest.console.dll, TcpClientExtensions.MessageLoopAsync: NotifyDataAvailable remoteEndPoint: 127.0.0.1:63231 localEndPoint: 127.0.0.1:63230
TpTrace Verbose: 0 : 19880, 7, 2026/05/10, 15:49:20.402, 14710885678821, vstest.console.dll, TestRequestSender.OnExecutionMessageReceived: Received message: {"Version":7,"MessageType":"TestSession.Message","Payload":{"MessageLevel":1,"Message":"[xUnit.net 00:00:00.76]     ElBruno.NetAgent.Tests.TrayIntegrationTests.OpenStatus_Window_CanBeConstructed_On_STA [SKIP]"}}
TpTrace Verbose: 0 : 19880, 7, 2026/05/10, 15:49:20.403, 14710885679534, vstest.console.dll, TestRunRequest:SendTestRunMessage: Starting.
TpTrace Verbose: 0 : 19880, 7, 2026/05/10, 15:49:20.403, 14710885680217, vstest.console.dll, MulticastDelegateUtilities.SafeInvoke: TestRun.LogMessages: Invoking callback 1/1 for Microsoft.VisualStudio.TestPlatform.CommandLine.TestRunResultAggregator., took 0 ms.
TpTrace Verbose: 0 : 19880, 4, 2026/05/10, 15:49:20.403, 14710885680461, vstest.console.dll, MulticastDelegateUtilities.SafeInvoke: InternalTestLoggerEvents.SendTestRunMessage: Invoking callback 1/2 for Microsoft.VisualStudio.TestPlatform.Extensions.TrxLogger.TrxLogger., took 0 ms.
TpTrace Information: 0 : 19880, 7, 2026/05/10, 15:49:20.403, 14710885680540, vstest.console.dll, TestRunRequest:SendTestRunMessage: Completed.
TpTrace Verbose: 0 : 19880, 7, 2026/05/10, 15:49:20.403, 14710885681642, vstest.console.dll, MulticastDelegateUtilities.SafeInvoke: LengthPrefixCommunicationChannel: MessageReceived: Invoking callback 1/1 for Microsoft.VisualStudio.TestPlatform.CommunicationUtilities.TestRequestSender+<>c__DisplayClass34_0., took 0 ms.
TpTrace Verbose: 0 : 19880, 4, 2026/05/10, 15:49:20.403, 14710885681875, vstest.console.dll, MulticastDelegateUtilities.SafeInvoke: InternalTestLoggerEvents.SendTestRunMessage: Invoking callback 2/2 for Microsoft.VisualStudio.TestPlatform.CommandLine.Internal.MSBuildLogger., took 0 ms.
TpTrace Verbose: 0 : 19880, 7, 2026/05/10, 15:49:20.403, 14710885683804, vstest.console.dll, TcpClientExtensions.MessageLoopAsync: Polling on remoteEndPoint: 127.0.0.1:63231 localEndPoint: 127.0.0.1:63230 after 0 ms
TpTrace Verbose: 0 : 19880, 7, 2026/05/10, 15:49:20.403, 14710885685325, vstest.console.dll, TcpClientExtensions.MessageLoopAsync: NotifyDataAvailable remoteEndPoint: 127.0.0.1:63231 localEndPoint: 127.0.0.1:63230
TpTrace Verbose: 0 : 19880, 7, 2026/05/10, 15:49:20.403, 14710885686237, vstest.console.dll, TestRequestSender.OnExecutionMessageReceived: Received message: {"Version":7,"MessageType":"TestSession.Message","Payload":{"MessageLevel":0,"Message":"[xUnit.net 00:00:00.76]       Integration: requires OS resources - skipped in unit runs"}}
TpTrace Verbose: 0 : 19880, 7, 2026/05/10, 15:49:20.403, 14710885687302, vstest.console.dll, TestRunRequest:SendTestRunMessage: Starting.
TpTrace Verbose: 0 : 19880, 7, 2026/05/10, 15:49:20.403, 14710885688222, vstest.console.dll, MulticastDelegateUtilities.SafeInvoke: TestRun.LogMessages: Invoking callback 1/1 for Microsoft.VisualStudio.TestPlatform.CommandLine.TestRunResultAggregator., took 0 ms.
TpTrace Verbose: 0 : 19880, 4, 2026/05/10, 15:49:20.403, 14710885688484, vstest.console.dll, MulticastDelegateUtilities.SafeInvoke: InternalTestLoggerEvents.SendTestRunMessage: Invoking callback 1/2 for Microsoft.VisualStudio.TestPlatform.Extensions.TrxLogger.TrxLogger., took 0 ms.
TpTrace Information: 0 : 19880, 7, 2026/05/10, 15:49:20.403, 14710885688931, vstest.console.dll, TestRunRequest:SendTestRunMessage: Completed.
TpTrace Verbose: 0 : 19880, 7, 2026/05/10, 15:49:20.404, 14710885690234, vstest.console.dll, MulticastDelegateUtilities.SafeInvoke: LengthPrefixCommunicationChannel: MessageReceived: Invoking callback 1/1 for Microsoft.VisualStudio.TestPlatform.CommunicationUtilities.TestRequestSender+<>c__DisplayClass34_0., took 0 ms.
TpTrace Verbose: 0 : 19880, 7, 2026/05/10, 15:49:20.404, 14710885690574, vstest.console.dll, TcpClientExtensions.MessageLoopAsync: Polling on remoteEndPoint: 127.0.0.1:63231 localEndPoint: 127.0.0.1:63230 after 0 ms
TpTrace Verbose: 0 : 19880, 4, 2026/05/10, 15:49:20.404, 14710885690633, vstest.console.dll, MulticastDelegateUtilities.SafeInvoke: InternalTestLoggerEvents.SendTestRunMessage: Invoking callback 2/2 for Microsoft.VisualStudio.TestPlatform.CommandLine.Internal.MSBuildLogger., took 0 ms.
TpTrace Verbose: 0 : 19880, 7, 2026/05/10, 15:49:20.404, 14710885690892, vstest.console.dll, TcpClientExtensions.MessageLoopAsync: NotifyDataAvailable remoteEndPoint: 127.0.0.1:63231 localEndPoint: 127.0.0.1:63230
TpTrace Verbose: 0 : 19880, 7, 2026/05/10, 15:49:20.404, 14710885692588, vstest.console.dll, TestRequestSender.OnExecutionMessageReceived: Received message: {"Version":7,"MessageType":"TestSession.Message","Payload":{"MessageLevel":1,"Message":"[xUnit.net 00:00:00.76]     ElBruno.NetAgent.Tests.TrayIntegrationTests.ExitRequestsHostShutdown_DoesNotThrow [SKIP]"}}
TpTrace Verbose: 0 : 19880, 7, 2026/05/10, 15:49:20.404, 14710885693395, vstest.console.dll, TestRunRequest:SendTestRunMessage: Starting.
TpTrace Verbose: 0 : 19880, 7, 2026/05/10, 15:49:20.404, 14710885694025, vstest.console.dll, MulticastDelegateUtilities.SafeInvoke: TestRun.LogMessages: Invoking callback 1/1 for Microsoft.VisualStudio.TestPlatform.CommandLine.TestRunResultAggregator., took 0 ms.
TpTrace Verbose: 0 : 19880, 4, 2026/05/10, 15:49:20.404, 14710885694228, vstest.console.dll, MulticastDelegateUtilities.SafeInvoke: InternalTestLoggerEvents.SendTestRunMessage: Invoking callback 1/2 for Microsoft.VisualStudio.TestPlatform.Extensions.TrxLogger.TrxLogger., took 0 ms.
TpTrace Information: 0 : 19880, 7, 2026/05/10, 15:49:20.404, 14710885694338, vstest.console.dll, TestRunRequest:SendTestRunMessage: Completed.
TpTrace Verbose: 0 : 19880, 7, 2026/05/10, 15:49:20.404, 14710885695198, vstest.console.dll, MulticastDelegateUtilities.SafeInvoke: LengthPrefixCommunicationChannel: MessageReceived: Invoking callback 1/1 for Microsoft.VisualStudio.TestPlatform.CommunicationUtilities.TestRequestSender+<>c__DisplayClass34_0., took 0 ms.
TpTrace Verbose: 0 : 19880, 4, 2026/05/10, 15:49:20.404, 14710885695406, vstest.console.dll, MulticastDelegateUtilities.SafeInvoke: InternalTestLoggerEvents.SendTestRunMessage: Invoking callback 2/2 for Microsoft.VisualStudio.TestPlatform.CommandLine.Internal.MSBuildLogger., took 0 ms.
TpTrace Verbose: 0 : 19880, 7, 2026/05/10, 15:49:20.404, 14710885695480, vstest.console.dll, TcpClientExtensions.MessageLoopAsync: Polling on remoteEndPoint: 127.0.0.1:63231 localEndPoint: 127.0.0.1:63230 after 0 ms
TpTrace Verbose: 0 : 19880, 7, 2026/05/10, 15:49:20.404, 14710885696431, vstest.console.dll, TcpClientExtensions.MessageLoopAsync: NotifyDataAvailable remoteEndPoint: 127.0.0.1:63231 localEndPoint: 127.0.0.1:63230
TpTrace Verbose: 0 : 19880, 7, 2026/05/10, 15:49:20.404, 14710885696924, vstest.console.dll, TestRequestSender.OnExecutionMessageReceived: Received message: {"Version":7,"MessageType":"TestSession.Message","Payload":{"MessageLevel":0,"Message":"[xUnit.net 00:00:00.76]       Integration: requires OS resources - skipped in unit runs"}}
TpTrace Verbose: 0 : 19880, 7, 2026/05/10, 15:49:20.404, 14710885697535, vstest.console.dll, TestRunRequest:SendTestRunMessage: Starting.
TpTrace Verbose: 0 : 19880, 7, 2026/05/10, 15:49:20.404, 14710885698175, vstest.console.dll, MulticastDelegateUtilities.SafeInvoke: TestRun.LogMessages: Invoking callback 1/1 for Microsoft.VisualStudio.TestPlatform.CommandLine.TestRunResultAggregator., took 0 ms.
TpTrace Verbose: 0 : 19880, 4, 2026/05/10, 15:49:20.404, 14710885698351, vstest.console.dll, MulticastDelegateUtilities.SafeInvoke: InternalTestLoggerEvents.SendTestRunMessage: Invoking callback 1/2 for Microsoft.VisualStudio.TestPlatform.Extensions.TrxLogger.TrxLogger., took 0 ms.
TpTrace Information: 0 : 19880, 7, 2026/05/10, 15:49:20.404, 14710885698971, vstest.console.dll, TestRunRequest:SendTestRunMessage: Completed.
TpTrace Verbose: 0 : 19880, 7, 2026/05/10, 15:49:20.405, 14710885700378, vstest.console.dll, MulticastDelegateUtilities.SafeInvoke: LengthPrefixCommunicationChannel: MessageReceived: Invoking callback 1/1 for Microsoft.VisualStudio.TestPlatform.CommunicationUtilities.TestRequestSender+<>c__DisplayClass34_0., took 0 ms.
TpTrace Verbose: 0 : 19880, 4, 2026/05/10, 15:49:20.405, 14710885700421, vstest.console.dll, MulticastDelegateUtilities.SafeInvoke: InternalTestLoggerEvents.SendTestRunMessage: Invoking callback 2/2 for Microsoft.VisualStudio.TestPlatform.CommandLine.Internal.MSBuildLogger., took 0 ms.
TpTrace Verbose: 0 : 19880, 7, 2026/05/10, 15:49:20.405, 14710885700830, vstest.console.dll, TcpClientExtensions.MessageLoopAsync: Polling on remoteEndPoint: 127.0.0.1:63231 localEndPoint: 127.0.0.1:63230 after 0 ms
TpTrace Verbose: 0 : 19880, 7, 2026/05/10, 15:49:20.474, 14710886389778, vstest.console.dll, TcpClientExtensions.MessageLoopAsync: NotifyDataAvailable remoteEndPoint: 127.0.0.1:63231 localEndPoint: 127.0.0.1:63230
TpTrace Verbose: 0 : 19880, 7, 2026/05/10, 15:49:20.474, 14710886393414, vstest.console.dll, TestRequestSender.OnExecutionMessageReceived: Received message: {"Version":7,"MessageType":"TestExecution.StatsChange","Payload":{"NewTestResults":[{"TestCase":{"Id":"206872c4-c82a-0c68-66cd-6bfdacdcbddb","FullyQualifiedName":"ElBruno.NetAgent.Tests.TrayIntegrationTests.PreviewBestSwitch_DryRun_DoesNotMutate","DisplayName":"ElBruno.NetAgent.Tests.TrayIntegrationTests.PreviewBestSwitch_DryRun_DoesNotMutate","ExecutorUri":"executor://xunit/VsTestRunner2/netcoreapp","Source":"C:\\src\\ElBruno.NetAgent\\tests\\ElBruno.NetAgent.Tests\\bin\\Release\\net9.0-windows\\ElBruno.NetAgent.Tests.dll","CodeFilePath":null,"LineNumber":0,"Properties":[]},"Attachments":[],"Outcome":3,"ErrorMessage":null,"ErrorStackTrace":null,"DisplayName":"ElBruno.NetAgent.Tests.TrayIntegrationTests.PreviewBestSwitch_DryRun_DoesNotMutate","Messages":[{"Category":"StdOutMsgs","Text":"Integration: requires OS resources - skipped in unit runs"}],"ComputerName":"CPC-bruno-H5STH","Duration":"00:00:00.0010000","StartTime":"2026-05-10T19:49:20.3979059+00:00","EndTime":"2026-05-10T19:49:20.3979372+00:00","Properties":[]},{"TestCase":{"Id":"84c552c0-aba7-98f4-9286-d1e7cbe55250","FullyQualifiedName":"ElBruno.NetAgent.Tests.TrayIntegrationTests.DI_Resolves_CoreServices","DisplayName":"ElBruno.NetAgent.Tests.TrayIntegrationTests.DI_Resolves_CoreServices","ExecutorUri":"executor://xunit/VsTestRunner2/netcoreapp","Source":"C:\\src\\ElBruno.NetAgent\\tests\\ElBruno.NetAgent.Tests\\bin\\Release\\net9.0-windows\\ElBruno.NetAgent.Tests.dll","CodeFilePath":null,"LineNumber":0,"Properties":[]},"Attachments":[],"Outcome":3,"ErrorMessage":null,"ErrorStackTrace":null,"DisplayName":"ElBruno.NetAgent.Tests.TrayIntegrationTests.DI_Resolves_CoreServices","Messages":[{"Category":"StdOutMsgs","Text":"Integration: requires OS resources - skipped in unit runs"}],"ComputerName":"CPC-bruno-H5STH","Duration":"00:00:00.0010000","StartTime":"2026-05-10T19:49:20.4017651+00:00","EndTime":"2026-05-10T19:49:20.4017652+00:00","Properties":[]},{"TestCase":{"Id":"edd6a339-47f3-7f89-151e-b8757b0b68d5","FullyQualifiedName":"ElBruno.NetAgent.Tests.TrayIntegrationTests.OpenStatus_Window_CanBeConstructed_On_STA","DisplayName":"ElBruno.NetAgent.Tests.TrayIntegrationTests.OpenStatus_Window_CanBeConstructed_On_STA","ExecutorUri":"executor://xunit/VsTestRunner2/netcoreapp","Source":"C:\\src\\ElBruno.NetAgent\\tests\\ElBruno.NetAgent.Tests\\bin\\Release\\net9.0-windows\\ElBruno.NetAgent.Tests.dll","CodeFilePath":null,"LineNumber":0,"Properties":[]},"Attachments":[],"Outcome":3,"ErrorMessage":null,"ErrorStackTrace":null,"DisplayName":"ElBruno.NetAgent.Tests.TrayIntegrationTests.OpenStatus_Window_CanBeConstructed_On_STA","Messages":[{"Category":"StdOutMsgs","Text":"Integration: requires OS resources - skipped in unit runs"}],"ComputerName":"CPC-bruno-H5STH","Duration":"00:00:00.0010000","StartTime":"2026-05-10T19:49:20.4028628+00:00","EndTime":"2026-05-10T19:49:20.4028629+00:00","Properties":[]},{"TestCase":{"Id":"4066a757-336e-4433-582a-1016446ce39c","FullyQualifiedName":"ElBruno.NetAgent.Tests.TrayIntegrationTests.ExitRequestsHostShutdown_DoesNotThrow","DisplayName":"ElBruno.NetAgent.Tests.TrayIntegrationTests.ExitRequestsHostShutdown_DoesNotThrow","ExecutorUri":"executor://xunit/VsTestRunner2/netcoreapp","Source":"C:\\src\\ElBruno.NetAgent\\tests\\ElBruno.NetAgent.Tests\\bin\\Release\\net9.0-windows\\ElBruno.NetAgent.Tests.dll","CodeFilePath":null,"LineNumber":0,"Properties":[]},"Attachments":[],"Outcome":3,"ErrorMessage":null,"ErrorStackTrace":null,"DisplayName":"ElBruno.NetAgent.Tests.TrayIntegrationTests.ExitRequestsHostShutdown_DoesNotThrow","Messages":[{"Category":"StdOutMsgs","Text":"Integration: requires OS resources - skipped in unit runs"}],"ComputerName":"CPC-bruno-H5STH","Duration":"00:00:00.0010000","StartTime":"2026-05-10T19:49:20.403498+00:00","EndTime":"2026-05-10T19:49:20.4034981+00:00","Properties":[]},{"TestCase":{"Id":"130884d0-deb9-8bbf-4d91-136abd3cdfbf","FullyQualifiedName":"ElBruno.NetAgent.Tests.AutoModeHostedServiceTests.AutoMode_LogsSwitchWhenDryRun","DisplayName":"ElBruno.NetAgent.Tests.AutoModeHostedServiceTests.AutoMode_LogsSwitchWhenDryRun","ExecutorUri":"executor://xunit/VsTestRunner2/netcoreapp","Source":"C:\\src\\ElBruno.NetAgent\\tests\\ElBruno.NetAgent.Tests\\bin\\Release\\net9.0-windows\\ElBruno.NetAgent.Tests.dll","CodeFilePath":null,"LineNumber":0,"Properties":[]},"Attachments":[],"Outcome":1,"ErrorMessage":null,"ErrorStackTrace":null,"DisplayName":"ElBruno.NetAgent.Tests.AutoModeHostedServiceTests.AutoMode_LogsSwitchWhenDryRun","Messages":[],"ComputerName":"CPC-bruno-H5STH","Duration":"00:00:00.0290867","StartTime":"2026-05-10T19:49:20.4358873+00:00","EndTime":"2026-05-10T19:49:20.4358876+00:00","Properties":[]},{"TestCase":{"Id":"0517b4b5-313d-6371-c63f-40ead31d8106","FullyQualifiedName":"ElBruno.NetAgent.Tests.AutoModeHostedServiceTests.AutoMode_DoesNotRunWhenDisabled","DisplayName":"ElBruno.NetAgent.Tests.AutoModeHostedServiceTests.AutoMode_DoesNotRunWhenDisabled","ExecutorUri":"executor://xunit/VsTestRunner2/netcoreapp","Source":"C:\\src\\ElBruno.NetAgent\\tests\\ElBruno.NetAgent.Tests\\bin\\Release\\net9.0-windows\\ElBruno.NetAgent.Tests.dll","CodeFilePath":null,"LineNumber":0,"Properties":[]},"Attachments":[],"Outcome":1,"ErrorMessage":null,"ErrorStackTrace":null,"DisplayName":"ElBruno.NetAgent.Tests.AutoModeHostedServiceTests.AutoMode_DoesNotRunWhenDisabled","Messages":[],"ComputerName":"CPC-bruno-H5STH","Duration":"00:00:00.0005046","StartTime":"2026-05-10T19:49:20.4362275+00:00","EndTime":"2026-05-10T19:49:20.4362276+00:00","Properties":[]},{"TestCase":{"Id":"4a50ef76-1ec3-5cbf-212f-476851f95e2c","FullyQualifiedName":"ElBruno.NetAgent.Tests.AutoModeHostedServiceTests.AutoMode_InvokesControllerWhenNotDryRun","DisplayName":"ElBruno.NetAgent.Tests.AutoModeHostedServiceTests.AutoMode_InvokesControllerWhenNotDryRun","ExecutorUri":"executor://xunit/VsTestRunner2/netcoreapp","Source":"C:\\src\\ElBruno.NetAgent\\tests\\ElBruno.NetAgent.Tests\\bin\\Release\\net9.0-windows\\ElBruno.NetAgent.Tests.dll","CodeFilePath":null,"LineNumber":0,"Properties":[]},"Attachments":[],"Outcome":1,"ErrorMessage":null,"ErrorStackTrace":null,"DisplayName":"ElBruno.NetAgent.Tests.AutoModeHostedServiceTests.AutoMode_InvokesControllerWhenNotDryRun","Messages":[],"ComputerName":"CPC-bruno-H5STH","Duration":"00:00:00.0007778","StartTime":"2026-05-10T19:49:20.4367139+00:00","EndTime":"2026-05-10T19:49:20.436714+00:00","Properties":[]},{"TestCase":{"Id":"857659fe-15db-426e-c3b0-d07511716e6b","FullyQualifiedName":"ElBruno.NetAgent.Tests.NetworkQualityMonitorTests.EvaluateAsync_Reflects_PacketLoss_In_Score_And_Health","DisplayName":"ElBruno.NetAgent.Tests.NetworkQualityMonitorTests.EvaluateAsync_Reflects_PacketLoss_In_Score_And_Health","ExecutorUri":"executor://xunit/VsTestRunner2/netcoreapp","Source":"C:\\src\\ElBruno.NetAgent\\tests\\ElBruno.NetAgent.Tests\\bin\\Release\\net9.0-windows\\ElBruno.NetAgent.Tests.dll","CodeFilePath":null,"LineNumber":0,"Properties":[]},"Attachments":[],"Outcome":1,"ErrorMessage":null,"ErrorStackTrace":null,"DisplayName":"ElBruno.NetAgent.Tests.NetworkQualityMonitorTests.EvaluateAsync_Reflects_PacketLoss_In_Score_And_Health","Messages":[],"ComputerName":"CPC-bruno-H5STH","Duration":"00:00:00.0071394","StartTime":"2026-05-10T19:49:20.444015+00:00","EndTime":"2026-05-10T19:49:20.4440151+00:00","Properties":[]},{"TestCase":{"Id":"3ca90c76-cf86-31ee-cc3d-87e2c68f0f0d","FullyQualifiedName":"ElBruno.NetAgent.Tests.NetworkQualityMonitorTests.EvaluateAsync_Returns_Report_With_Sane_Score","DisplayName":"ElBruno.NetAgent.Tests.NetworkQualityMonitorTests.EvaluateAsync_Returns_Report_With_Sane_Score","ExecutorUri":"executor://xunit/VsTestRunner2/netcoreapp","Source":"C:\\src\\ElBruno.NetAgent\\tests\\ElBruno.NetAgent.Tests\\bin\\Release\\net9.0-windows\\ElBruno.NetAgent.Tests.dll","CodeFilePath":null,"LineNumber":0,"Properties":[]},"Attachments":[],"Outcome":1,"ErrorMessage":null,"ErrorStackTrace":null,"DisplayName":"ElBruno.NetAgent.Tests.NetworkQualityMonitorTests.EvaluateAsync_Returns_Report_With_Sane_Score","Messages":[],"ComputerName":"CPC-bruno-H5STH","Duration":"00:00:00.0004878","StartTime":"2026-05-10T19:49:20.4445709+00:00","EndTime":"2026-05-10T19:49:20.444571+00:00","Properties":[]}],"TestRunStatistics":{"ExecutedTests":9,"Stats":{"Skipped":4,"Passed":5}},"ActiveTests":[{"Id":"58d5c553-23de-4ef5-57cb-dc21b8766535","FullyQualifiedName":"ElBruno.NetAgent.Tests.ConfigurationTests.MissingConfig_CreatesDefaultAndReturnsDefaults","DisplayName":"ElBruno.NetAgent.Tests.ConfigurationTests.MissingConfig_CreatesDefaultAndReturnsDefaults","ExecutorUri":"executor://xunit/VsTestRunner2/netcoreapp","Source":"C:\\src\\ElBruno.NetAgent\\tests\\ElBruno.NetAgent.Tests\\bin\\Release\\net9.0-windows\\ElBruno.NetAgent.Tests.dll","CodeFilePath":null,"LineNumber":0,"Properties":[]}]}}
TpTrace Verbose: 0 : 19880, 7, 2026/05/10, 15:49:20.496, 14710886616768, vstest.console.dll, TestRunRequest:SendTestRunStatsChange: Starting.
TpTrace Verbose: 0 : 19880, 7, 2026/05/10, 15:49:20.496, 14710886618208, vstest.console.dll, InProgress is ElBruno.NetAgent.Tests.ConfigurationTests.MissingConfig_CreatesDefaultAndReturnsDefaults
TpTrace Verbose: 0 : 19880, 7, 2026/05/10, 15:49:20.497, 14710886620674, vstest.console.dll, MulticastDelegateUtilities.SafeInvoke: TestRun.RunStatsChanged: Invoking callbacks was skipped because there are no subscribers.
TpTrace Information: 0 : 19880, 7, 2026/05/10, 15:49:20.497, 14710886621178, vstest.console.dll, TestRunRequest:SendTestRunStatsChange: Completed.
TpTrace Verbose: 0 : 19880, 7, 2026/05/10, 15:49:20.497, 14710886621474, vstest.console.dll, MulticastDelegateUtilities.SafeInvoke: LengthPrefixCommunicationChannel: MessageReceived: Invoking callback 1/1 for Microsoft.VisualStudio.TestPlatform.CommunicationUtilities.TestRequestSender+<>c__DisplayClass34_0., took 22 ms.
TpTrace Verbose: 0 : 19880, 7, 2026/05/10, 15:49:20.497, 14710886621855, vstest.console.dll, TcpClientExtensions.MessageLoopAsync: Polling on remoteEndPoint: 127.0.0.1:63231 localEndPoint: 127.0.0.1:63230 after 91 ms
TpTrace Verbose: 0 : 19880, 4, 2026/05/10, 15:49:20.505, 14710886703670, vstest.console.dll, MulticastDelegateUtilities.SafeInvoke: InternalTestLoggerEvents.SendTestResult: Invoking callback 1/2 for Microsoft.VisualStudio.TestPlatform.Extensions.TrxLogger.TrxLogger., took 8 ms.
TpTrace Verbose: 0 : 19880, 4, 2026/05/10, 15:49:20.505, 14710886706608, vstest.console.dll, MulticastDelegateUtilities.SafeInvoke: InternalTestLoggerEvents.SendTestResult: Invoking callback 2/2 for Microsoft.VisualStudio.TestPlatform.CommandLine.Internal.MSBuildLogger., took 0 ms.
TpTrace Verbose: 0 : 19880, 4, 2026/05/10, 15:49:20.505, 14710886708392, vstest.console.dll, MulticastDelegateUtilities.SafeInvoke: InternalTestLoggerEvents.SendTestResult: Invoking callback 1/2 for Microsoft.VisualStudio.TestPlatform.Extensions.TrxLogger.TrxLogger., took 0 ms.
TpTrace Verbose: 0 : 19880, 4, 2026/05/10, 15:49:20.505, 14710886708980, vstest.console.dll, MulticastDelegateUtilities.SafeInvoke: InternalTestLoggerEvents.SendTestResult: Invoking callback 2/2 for Microsoft.VisualStudio.TestPlatform.CommandLine.Internal.MSBuildLogger., took 0 ms.
TpTrace Verbose: 0 : 19880, 4, 2026/05/10, 15:49:20.506, 14710886709680, vstest.console.dll, MulticastDelegateUtilities.SafeInvoke: InternalTestLoggerEvents.SendTestResult: Invoking callback 1/2 for Microsoft.VisualStudio.TestPlatform.Extensions.TrxLogger.TrxLogger., took 0 ms.
TpTrace Verbose: 0 : 19880, 4, 2026/05/10, 15:49:20.506, 14710886710141, vstest.console.dll, MulticastDelegateUtilities.SafeInvoke: InternalTestLoggerEvents.SendTestResult: Invoking callback 2/2 for Microsoft.VisualStudio.TestPlatform.CommandLine.Internal.MSBuildLogger., took 0 ms.
TpTrace Verbose: 0 : 19880, 4, 2026/05/10, 15:49:20.506, 14710886710835, vstest.console.dll, MulticastDelegateUtilities.SafeInvoke: InternalTestLoggerEvents.SendTestResult: Invoking callback 1/2 for Microsoft.VisualStudio.TestPlatform.Extensions.TrxLogger.TrxLogger., took 0 ms.
TpTrace Verbose: 0 : 19880, 4, 2026/05/10, 15:49:20.506, 14710886711240, vstest.console.dll, MulticastDelegateUtilities.SafeInvoke: InternalTestLoggerEvents.SendTestResult: Invoking callback 2/2 for Microsoft.VisualStudio.TestPlatform.CommandLine.Internal.MSBuildLogger., took 0 ms.
TpTrace Verbose: 0 : 19880, 4, 2026/05/10, 15:49:20.506, 14710886712066, vstest.console.dll, MulticastDelegateUtilities.SafeInvoke: InternalTestLoggerEvents.SendTestResult: Invoking callback 1/2 for Microsoft.VisualStudio.TestPlatform.Extensions.TrxLogger.TrxLogger., took 0 ms.
TpTrace Verbose: 0 : 19880, 4, 2026/05/10, 15:49:20.506, 14710886712496, vstest.console.dll, MulticastDelegateUtilities.SafeInvoke: InternalTestLoggerEvents.SendTestResult: Invoking callback 2/2 for Microsoft.VisualStudio.TestPlatform.CommandLine.Internal.MSBuildLogger., took 0 ms.
TpTrace Verbose: 0 : 19880, 4, 2026/05/10, 15:49:20.506, 14710886713208, vstest.console.dll, MulticastDelegateUtilities.SafeInvoke: InternalTestLoggerEvents.SendTestResult: Invoking callback 1/2 for Microsoft.VisualStudio.TestPlatform.Extensions.TrxLogger.TrxLogger., took 0 ms.
TpTrace Verbose: 0 : 19880, 4, 2026/05/10, 15:49:20.506, 14710886713596, vstest.console.dll, MulticastDelegateUtilities.SafeInvoke: InternalTestLoggerEvents.SendTestResult: Invoking callback 2/2 for Microsoft.VisualStudio.TestPlatform.CommandLine.Internal.MSBuildLogger., took 0 ms.
TpTrace Verbose: 0 : 19880, 4, 2026/05/10, 15:49:20.506, 14710886714220, vstest.console.dll, MulticastDelegateUtilities.SafeInvoke: InternalTestLoggerEvents.SendTestResult: Invoking callback 1/2 for Microsoft.VisualStudio.TestPlatform.Extensions.TrxLogger.TrxLogger., took 0 ms.
TpTrace Verbose: 0 : 19880, 4, 2026/05/10, 15:49:20.506, 14710886714605, vstest.console.dll, MulticastDelegateUtilities.SafeInvoke: InternalTestLoggerEvents.SendTestResult: Invoking callback 2/2 for Microsoft.VisualStudio.TestPlatform.CommandLine.Internal.MSBuildLogger., took 0 ms.
TpTrace Verbose: 0 : 19880, 4, 2026/05/10, 15:49:20.507, 14710886722496, vstest.console.dll, MulticastDelegateUtilities.SafeInvoke: InternalTestLoggerEvents.SendTestResult: Invoking callback 1/2 for Microsoft.VisualStudio.TestPlatform.Extensions.TrxLogger.TrxLogger., took 0 ms.
TpTrace Verbose: 0 : 19880, 4, 2026/05/10, 15:49:20.507, 14710886723215, vstest.console.dll, MulticastDelegateUtilities.SafeInvoke: InternalTestLoggerEvents.SendTestResult: Invoking callback 2/2 for Microsoft.VisualStudio.TestPlatform.CommandLine.Internal.MSBuildLogger., took 0 ms.
TpTrace Verbose: 0 : 19880, 4, 2026/05/10, 15:49:20.507, 14710886723997, vstest.console.dll, MulticastDelegateUtilities.SafeInvoke: InternalTestLoggerEvents.SendTestResult: Invoking callback 1/2 for Microsoft.VisualStudio.TestPlatform.Extensions.TrxLogger.TrxLogger., took 0 ms.
TpTrace Verbose: 0 : 19880, 4, 2026/05/10, 15:49:20.507, 14710886724490, vstest.console.dll, MulticastDelegateUtilities.SafeInvoke: InternalTestLoggerEvents.SendTestResult: Invoking callback 2/2 for Microsoft.VisualStudio.TestPlatform.CommandLine.Internal.MSBuildLogger., took 0 ms.
TpTrace Verbose: 0 : 19880, 7, 2026/05/10, 15:49:20.529, 14710886947527, vstest.console.dll, TcpClientExtensions.MessageLoopAsync: NotifyDataAvailable remoteEndPoint: 127.0.0.1:63231 localEndPoint: 127.0.0.1:63230
TpTrace Verbose: 0 : 19880, 7, 2026/05/10, 15:49:20.530, 14710886950820, vstest.console.dll, TestRequestSender.OnExecutionMessageReceived: Received message: {"Version":7,"MessageType":"TestExecution.StatsChange","Payload":{"NewTestResults":[{"TestCase":{"Id":"58d5c553-23de-4ef5-57cb-dc21b8766535","FullyQualifiedName":"ElBruno.NetAgent.Tests.ConfigurationTests.MissingConfig_CreatesDefaultAndReturnsDefaults","DisplayName":"ElBruno.NetAgent.Tests.ConfigurationTests.MissingConfig_CreatesDefaultAndReturnsDefaults","ExecutorUri":"executor://xunit/VsTestRunner2/netcoreapp","Source":"C:\\src\\ElBruno.NetAgent\\tests\\ElBruno.NetAgent.Tests\\bin\\Release\\net9.0-windows\\ElBruno.NetAgent.Tests.dll","CodeFilePath":null,"LineNumber":0,"Properties":[]},"Attachments":[],"Outcome":1,"ErrorMessage":null,"ErrorStackTrace":null,"DisplayName":"ElBruno.NetAgent.Tests.ConfigurationTests.MissingConfig_CreatesDefaultAndReturnsDefaults","Messages":[],"ComputerName":"CPC-bruno-H5STH","Duration":"00:00:00.0422061","StartTime":"2026-05-10T19:49:20.4899208+00:00","EndTime":"2026-05-10T19:49:20.489921+00:00","Properties":[]},{"TestCase":{"Id":"0dd8c6a0-a025-10ea-64ee-2324038e8ebb","FullyQualifiedName":"ElBruno.NetAgent.Tests.ConfigurationTests.MissingFields_UseDefaultValues","DisplayName":"ElBruno.NetAgent.Tests.ConfigurationTests.MissingFields_UseDefaultValues","ExecutorUri":"executor://xunit/VsTestRunner2/netcoreapp","Source":"C:\\src\\ElBruno.NetAgent\\tests\\ElBruno.NetAgent.Tests\\bin\\Release\\net9.0-windows\\ElBruno.NetAgent.Tests.dll","CodeFilePath":null,"LineNumber":0,"Properties":[]},"Attachments":[],"Outcome":1,"ErrorMessage":null,"ErrorStackTrace":null,"DisplayName":"ElBruno.NetAgent.Tests.ConfigurationTests.MissingFields_UseDefaultValues","Messages":[],"ComputerName":"CPC-bruno-H5STH","Duration":"00:00:00.0062053","StartTime":"2026-05-10T19:49:20.4982022+00:00","EndTime":"2026-05-10T19:49:20.4982023+00:00","Properties":[]},{"TestCase":{"Id":"09431dfc-7bb0-496d-87f8-08b0dc012e5d","FullyQualifiedName":"ElBruno.NetAgent.Tests.ConfigurationTests.InvalidValues_LogsWarningAndFallsBack","DisplayName":"ElBruno.NetAgent.Tests.ConfigurationTests.InvalidValues_LogsWarningAndFallsBack","ExecutorUri":"executor://xunit/VsTestRunner2/netcoreapp","Source":"C:\\src\\ElBruno.NetAgent\\tests\\ElBruno.NetAgent.Tests\\bin\\Release\\net9.0-windows\\ElBruno.NetAgent.Tests.dll","CodeFilePath":null,"LineNumber":0,"Properties":[]},"Attachments":[],"Outcome":1,"ErrorMessage":null,"ErrorStackTrace":null,"DisplayName":"ElBruno.NetAgent.Tests.ConfigurationTests.InvalidValues_LogsWarningAndFallsBack","Messages":[],"ComputerName":"CPC-bruno-H5STH","Duration":"00:00:00.0123078","StartTime":"2026-05-10T19:49:20.5111023+00:00","EndTime":"2026-05-10T19:49:20.5111025+00:00","Properties":[]},{"TestCase":{"Id":"0189ccd0-aa20-e098-09e9-a6c27eab81c0","FullyQualifiedName":"ElBruno.NetAgent.Tests.DecisionEngineImplTests.EvaluateAsync_Returns_SwitchAdapter_For_Severe_Degradation","DisplayName":"ElBruno.NetAgent.Tests.DecisionEngineImplTests.EvaluateAsync_Returns_SwitchAdapter_For_Severe_Degradation","ExecutorUri":"executor://xunit/VsTestRunner2/netcoreapp","Source":"C:\\src\\ElBruno.NetAgent\\tests\\ElBruno.NetAgent.Tests\\bin\\Release\\net9.0-windows\\ElBruno.NetAgent.Tests.dll","CodeFilePath":null,"LineNumber":0,"Properties":[]},"Attachments":[],"Outcome":1,"ErrorMessage":null,"ErrorStackTrace":null,"DisplayName":"ElBruno.NetAgent.Tests.DecisionEngineImplTests.EvaluateAsync_Returns_SwitchAdapter_For_Severe_Degradation","Messages":[],"ComputerName":"CPC-bruno-H5STH","Duration":"00:00:00.0099727","StartTime":"2026-05-10T19:49:20.5227129+00:00","EndTime":"2026-05-10T19:49:20.522713+00:00","Properties":[]},{"TestCase":{"Id":"e356f8f4-8bc3-f5e0-0c74-9660a13eede1","FullyQualifiedName":"ElBruno.NetAgent.Tests.DecisionEngineImplTests.EvaluateAsync_Returns_None_For_Healthy","DisplayName":"ElBruno.NetAgent.Tests.DecisionEngineImplTests.EvaluateAsync_Returns_None_For_Healthy","ExecutorUri":"executor://xunit/VsTestRunner2/netcoreapp","Source":"C:\\src\\ElBruno.NetAgent\\tests\\ElBruno.NetAgent.Tests\\bin\\Release\\net9.0-windows\\ElBruno.NetAgent.Tests.dll","CodeFilePath":null,"LineNumber":0,"Properties":[]},"Attachments":[],"Outcome":1,"ErrorMessage":null,"ErrorStackTrace":null,"DisplayName":"ElBruno.NetAgent.Tests.DecisionEngineImplTests.EvaluateAsync_Returns_None_For_Healthy","Messages":[],"ComputerName":"CPC-bruno-H5STH","Duration":"00:00:00.0013397","StartTime":"2026-05-10T19:49:20.5241182+00:00","EndTime":"2026-05-10T19:49:20.5241184+00:00","Properties":[]},{"TestCase":{"Id":"706b0831-6551-d694-bd71-ec4508ab83c1","FullyQualifiedName":"ElBruno.NetAgent.Tests.DecisionEngineImplTests.EvaluateAsync_Returns_NotifyUser_For_Mild_Degradation","DisplayName":"ElBruno.NetAgent.Tests.DecisionEngineImplTests.EvaluateAsync_Returns_NotifyUser_For_Mild_Degradation","ExecutorUri":"executor://xunit/VsTestRunner2/netcoreapp","Source":"C:\\src\\ElBruno.NetAgent\\tests\\ElBruno.NetAgent.Tests\\bin\\Release\\net9.0-windows\\ElBruno.NetAgent.Tests.dll","CodeFilePath":null,"LineNumber":0,"Properties":[]},"Attachments":[],"Outcome":1,"ErrorMessage":null,"ErrorStackTrace":null,"DisplayName":"ElBruno.NetAgent.Tests.DecisionEngineImplTests.EvaluateAsync_Returns_NotifyUser_For_Mild_Degradation","Messages":[],"ComputerName":"CPC-bruno-H5STH","Duration":"00:00:00.0010838","StartTime":"2026-05-10T19:49:20.5252807+00:00","EndTime":"2026-05-10T19:49:20.5252812+00:00","Properties":[]},{"TestCase":{"Id":"f8719738-76b3-d1bc-00cd-5a7ba679bc76","FullyQualifiedName":"ElBruno.NetAgent.Tests.SettingsViewModelTests.SettingsViewModel_SavePersists","DisplayName":"ElBruno.NetAgent.Tests.SettingsViewModelTests.SettingsViewModel_SavePersists","ExecutorUri":"executor://xunit/VsTestRunner2/netcoreapp","Source":"C:\\src\\ElBruno.NetAgent\\tests\\ElBruno.NetAgent.Tests\\bin\\Release\\net9.0-windows\\ElBruno.NetAgent.Tests.dll","CodeFilePath":null,"LineNumber":0,"Properties":[]},"Attachments":[],"Outcome":1,"ErrorMessage":null,"ErrorStackTrace":null,"DisplayName":"ElBruno.NetAgent.Tests.SettingsViewModelTests.SettingsViewModel_SavePersists","Messages":[],"ComputerName":"CPC-bruno-H5STH","Duration":"00:00:00.0028800","StartTime":"2026-05-10T19:49:20.5283527+00:00","EndTime":"2026-05-10T19:49:20.5283529+00:00","Properties":[]},{"TestCase":{"Id":"e1b6986f-31c4-1c27-2fee-2d26d064aaf8","FullyQualifiedName":"ElBruno.NetAgent.Tests.SettingsViewModelTests.SettingsViewModel_InvalidValuesNormalized","DisplayName":"ElBruno.NetAgent.Tests.SettingsViewModelTests.SettingsViewModel_InvalidValuesNormalized","ExecutorUri":"executor://xunit/VsTestRunner2/netcoreapp","Source":"C:\\src\\ElBruno.NetAgent\\tests\\ElBruno.NetAgent.Tests\\bin\\Release\\net9.0-windows\\ElBruno.NetAgent.Tests.dll","CodeFilePath":null,"LineNumber":0,"Properties":[]},"Attachments":[],"Outcome":1,"ErrorMessage":null,"ErrorStackTrace":null,"DisplayName":"ElBruno.NetAgent.Tests.SettingsViewModelTests.SettingsViewModel_InvalidValuesNormalized","Messages":[],"ComputerName":"CPC-bruno-H5STH","Duration":"00:00:00.0001276","StartTime":"2026-05-10T19:49:20.5285321+00:00","EndTime":"2026-05-10T19:49:20.5285321+00:00","Properties":[]},{"TestCase":{"Id":"3d8af3a0-3815-385b-bd23-1248a2edfb84","FullyQualifiedName":"ElBruno.NetAgent.Tests.SettingsViewModelTests.SettingsViewModel_LoadsDefaults","DisplayName":"ElBruno.NetAgent.Tests.SettingsViewModelTests.SettingsViewModel_LoadsDefaults","ExecutorUri":"executor://xunit/VsTestRunner2/netcoreapp","Source":"C:\\src\\ElBruno.NetAgent\\tests\\ElBruno.NetAgent.Tests\\bin\\Release\\net9.0-windows\\ElBruno.NetAgent.Tests.dll","CodeFilePath":null,"LineNumber":0,"Properties":[]},"Attachments":[],"Outcome":1,"ErrorMessage":null,"ErrorStackTrace":null,"DisplayName":"ElBruno.NetAgent.Tests.SettingsViewModelTests.SettingsViewModel_LoadsDefaults","Messages":[],"ComputerName":"CPC-bruno-H5STH","Duration":"00:00:00.0001009","StartTime":"2026-05-10T19:49:20.5286684+00:00","EndTime":"2026-05-10T19:49:20.5286684+00:00","Properties":[]}],"TestRunStatistics":{"ExecutedTests":18,"Stats":{"Skipped":4,"Passed":14}},"ActiveTests":[{"Id":"931475fe-ec73-af2e-170f-6ccaf11b0083","FullyQualifiedName":"ElBruno.NetAgent.Tests.TrayIconServiceExitTests.ExitClick_ShutdownsHost_And_DisposesTrayResources","DisplayName":"ElBruno.NetAgent.Tests.TrayIconServiceExitTests.ExitClick_ShutdownsHost_And_DisposesTrayResources","ExecutorUri":"executor://xunit/VsTestRunner2/netcoreapp","Source":"C:\\src\\ElBruno.NetAgent\\tests\\ElBruno.NetAgent.Tests\\bin\\Release\\net9.0-windows\\ElBruno.NetAgent.Tests.dll","CodeFilePath":null,"LineNumber":0,"Properties":[]}]}}
TpTrace Verbose: 0 : 19880, 7, 2026/05/10, 15:49:20.530, 14710886958266, vstest.console.dll, TestRunRequest:SendTestRunStatsChange: Starting.
TpTrace Verbose: 0 : 19880, 7, 2026/05/10, 15:49:20.530, 14710886958830, vstest.console.dll, InProgress is ElBruno.NetAgent.Tests.TrayIconServiceExitTests.ExitClick_ShutdownsHost_And_DisposesTrayResources
TpTrace Verbose: 0 : 19880, 7, 2026/05/10, 15:49:20.531, 14710886959644, vstest.console.dll, MulticastDelegateUtilities.SafeInvoke: TestRun.RunStatsChanged: Invoking callbacks was skipped because there are no subscribers.
TpTrace Information: 0 : 19880, 7, 2026/05/10, 15:49:20.531, 14710886959978, vstest.console.dll, TestRunRequest:SendTestRunStatsChange: Completed.
TpTrace Verbose: 0 : 19880, 7, 2026/05/10, 15:49:20.531, 14710886960252, vstest.console.dll, MulticastDelegateUtilities.SafeInvoke: LengthPrefixCommunicationChannel: MessageReceived: Invoking callback 1/1 for Microsoft.VisualStudio.TestPlatform.CommunicationUtilities.TestRequestSender+<>c__DisplayClass34_0., took 0 ms.
TpTrace Verbose: 0 : 19880, 7, 2026/05/10, 15:49:20.531, 14710886960521, vstest.console.dll, TcpClientExtensions.MessageLoopAsync: Polling on remoteEndPoint: 127.0.0.1:63231 localEndPoint: 127.0.0.1:63230 after 33 ms
TpTrace Verbose: 0 : 19880, 4, 2026/05/10, 15:49:20.531, 14710886960727, vstest.console.dll, MulticastDelegateUtilities.SafeInvoke: InternalTestLoggerEvents.SendTestResult: Invoking callback 1/2 for Microsoft.VisualStudio.TestPlatform.Extensions.TrxLogger.TrxLogger., took 0 ms.
TpTrace Verbose: 0 : 19880, 4, 2026/05/10, 15:49:20.531, 14710886961429, vstest.console.dll, MulticastDelegateUtilities.SafeInvoke: InternalTestLoggerEvents.SendTestResult: Invoking callback 2/2 for Microsoft.VisualStudio.TestPlatform.CommandLine.Internal.MSBuildLogger., took 0 ms.
TpTrace Verbose: 0 : 19880, 4, 2026/05/10, 15:49:20.531, 14710886962022, vstest.console.dll, MulticastDelegateUtilities.SafeInvoke: InternalTestLoggerEvents.SendTestResult: Invoking callback 1/2 for Microsoft.VisualStudio.TestPlatform.Extensions.TrxLogger.TrxLogger., took 0 ms.
TpTrace Verbose: 0 : 19880, 4, 2026/05/10, 15:49:20.531, 14710886962537, vstest.console.dll, MulticastDelegateUtilities.SafeInvoke: InternalTestLoggerEvents.SendTestResult: Invoking callback 2/2 for Microsoft.VisualStudio.TestPlatform.CommandLine.Internal.MSBuildLogger., took 0 ms.
TpTrace Verbose: 0 : 19880, 4, 2026/05/10, 15:49:20.531, 14710886963094, vstest.console.dll, MulticastDelegateUtilities.SafeInvoke: InternalTestLoggerEvents.SendTestResult: Invoking callback 1/2 for Microsoft.VisualStudio.TestPlatform.Extensions.TrxLogger.TrxLogger., took 0 ms.
TpTrace Verbose: 0 : 19880, 4, 2026/05/10, 15:49:20.531, 14710886963564, vstest.console.dll, MulticastDelegateUtilities.SafeInvoke: InternalTestLoggerEvents.SendTestResult: Invoking callback 2/2 for Microsoft.VisualStudio.TestPlatform.CommandLine.Internal.MSBuildLogger., took 0 ms.
TpTrace Verbose: 0 : 19880, 4, 2026/05/10, 15:49:20.531, 14710886964285, vstest.console.dll, MulticastDelegateUtilities.SafeInvoke: InternalTestLoggerEvents.SendTestResult: Invoking callback 1/2 for Microsoft.VisualStudio.TestPlatform.Extensions.TrxLogger.TrxLogger., took 0 ms.
TpTrace Verbose: 0 : 19880, 4, 2026/05/10, 15:49:20.531, 14710886964786, vstest.console.dll, MulticastDelegateUtilities.SafeInvoke: InternalTestLoggerEvents.SendTestResult: Invoking callback 2/2 for Microsoft.VisualStudio.TestPlatform.CommandLine.Internal.MSBuildLogger., took 0 ms.
TpTrace Verbose: 0 : 19880, 4, 2026/05/10, 15:49:20.531, 14710886966674, vstest.console.dll, MulticastDelegateUtilities.SafeInvoke: InternalTestLoggerEvents.SendTestResult: Invoking callback 1/2 for Microsoft.VisualStudio.TestPlatform.Extensions.TrxLogger.TrxLogger., took 0 ms.
TpTrace Verbose: 0 : 19880, 4, 2026/05/10, 15:49:20.531, 14710886967244, vstest.console.dll, MulticastDelegateUtilities.SafeInvoke: InternalTestLoggerEvents.SendTestResult: Invoking callback 2/2 for Microsoft.VisualStudio.TestPlatform.CommandLine.Internal.MSBuildLogger., took 0 ms.
TpTrace Verbose: 0 : 19880, 4, 2026/05/10, 15:49:20.531, 14710886968006, vstest.console.dll, MulticastDelegateUtilities.SafeInvoke: InternalTestLoggerEvents.SendTestResult: Invoking callback 1/2 for Microsoft.VisualStudio.TestPlatform.Extensions.TrxLogger.TrxLogger., took 0 ms.
TpTrace Verbose: 0 : 19880, 4, 2026/05/10, 15:49:20.531, 14710886968402, vstest.console.dll, MulticastDelegateUtilities.SafeInvoke: InternalTestLoggerEvents.SendTestResult: Invoking callback 2/2 for Microsoft.VisualStudio.TestPlatform.CommandLine.Internal.MSBuildLogger., took 0 ms.
TpTrace Verbose: 0 : 19880, 4, 2026/05/10, 15:49:20.531, 14710886969002, vstest.console.dll, MulticastDelegateUtilities.SafeInvoke: InternalTestLoggerEvents.SendTestResult: Invoking callback 1/2 for Microsoft.VisualStudio.TestPlatform.Extensions.TrxLogger.TrxLogger., took 0 ms.
TpTrace Verbose: 0 : 19880, 4, 2026/05/10, 15:49:20.532, 14710886969375, vstest.console.dll, MulticastDelegateUtilities.SafeInvoke: InternalTestLoggerEvents.SendTestResult: Invoking callback 2/2 for Microsoft.VisualStudio.TestPlatform.CommandLine.Internal.MSBuildLogger., took 0 ms.
TpTrace Verbose: 0 : 19880, 4, 2026/05/10, 15:49:20.532, 14710886970050, vstest.console.dll, MulticastDelegateUtilities.SafeInvoke: InternalTestLoggerEvents.SendTestResult: Invoking callback 1/2 for Microsoft.VisualStudio.TestPlatform.Extensions.TrxLogger.TrxLogger., took 0 ms.
TpTrace Verbose: 0 : 19880, 4, 2026/05/10, 15:49:20.532, 14710886970444, vstest.console.dll, MulticastDelegateUtilities.SafeInvoke: InternalTestLoggerEvents.SendTestResult: Invoking callback 2/2 for Microsoft.VisualStudio.TestPlatform.CommandLine.Internal.MSBuildLogger., took 0 ms.
TpTrace Verbose: 0 : 19880, 4, 2026/05/10, 15:49:20.532, 14710886971019, vstest.console.dll, MulticastDelegateUtilities.SafeInvoke: InternalTestLoggerEvents.SendTestResult: Invoking callback 1/2 for Microsoft.VisualStudio.TestPlatform.Extensions.TrxLogger.TrxLogger., took 0 ms.
TpTrace Verbose: 0 : 19880, 4, 2026/05/10, 15:49:20.532, 14710886971392, vstest.console.dll, MulticastDelegateUtilities.SafeInvoke: InternalTestLoggerEvents.SendTestResult: Invoking callback 2/2 for Microsoft.VisualStudio.TestPlatform.CommandLine.Internal.MSBuildLogger., took 0 ms.
TpTrace Verbose: 0 : 19880, 7, 2026/05/10, 15:49:21.544, 14710897089746, vstest.console.dll, TcpClientExtensions.MessageLoopAsync: Polling on remoteEndPoint: 127.0.0.1:63231 localEndPoint: 127.0.0.1:63230 after 1012 ms
TpTrace Verbose: 0 : 19880, 7, 2026/05/10, 15:49:22.546, 14710907111314, vstest.console.dll, TcpClientExtensions.MessageLoopAsync: Polling on remoteEndPoint: 127.0.0.1:63231 localEndPoint: 127.0.0.1:63230 after 1001 ms
TpTrace Verbose: 0 : 19880, 7, 2026/05/10, 15:49:23.559, 14710917248280, vstest.console.dll, TcpClientExtensions.MessageLoopAsync: Polling on remoteEndPoint: 127.0.0.1:63231 localEndPoint: 127.0.0.1:63230 after 1013 ms
TpTrace Verbose: 0 : 19880, 7, 2026/05/10, 15:49:24.575, 14710927404850, vstest.console.dll, TcpClientExtensions.MessageLoopAsync: Polling on remoteEndPoint: 127.0.0.1:63231 localEndPoint: 127.0.0.1:63230 after 1015 ms
TpTrace Verbose: 0 : 19880, 7, 2026/05/10, 15:49:25.590, 14710937553371, vstest.console.dll, TcpClientExtensions.MessageLoopAsync: Polling on remoteEndPoint: 127.0.0.1:63231 localEndPoint: 127.0.0.1:63230 after 1014 ms
TpTrace Verbose: 0 : 19880, 7, 2026/05/10, 15:49:26.605, 14710947700685, vstest.console.dll, TcpClientExtensions.MessageLoopAsync: Polling on remoteEndPoint: 127.0.0.1:63231 localEndPoint: 127.0.0.1:63230 after 1014 ms
TpTrace Verbose: 0 : 19880, 7, 2026/05/10, 15:49:27.620, 14710957859139, vstest.console.dll, TcpClientExtensions.MessageLoopAsync: Polling on remoteEndPoint: 127.0.0.1:63231 localEndPoint: 127.0.0.1:63230 after 1015 ms
TpTrace Verbose: 0 : 19880, 7, 2026/05/10, 15:49:28.637, 14710968021122, vstest.console.dll, TcpClientExtensions.MessageLoopAsync: Polling on remoteEndPoint: 127.0.0.1:63231 localEndPoint: 127.0.0.1:63230 after 1015 ms
TpTrace Verbose: 0 : 19880, 7, 2026/05/10, 15:49:29.651, 14710978167427, vstest.console.dll, TcpClientExtensions.MessageLoopAsync: Polling on remoteEndPoint: 127.0.0.1:63231 localEndPoint: 127.0.0.1:63230 after 1014 ms
TpTrace Verbose: 0 : 19880, 7, 2026/05/10, 15:49:30.666, 14710988318269, vstest.console.dll, TcpClientExtensions.MessageLoopAsync: Polling on remoteEndPoint: 127.0.0.1:63231 localEndPoint: 127.0.0.1:63230 after 1014 ms
TpTrace Verbose: 0 : 19880, 7, 2026/05/10, 15:49:31.667, 14710998319367, vstest.console.dll, TcpClientExtensions.MessageLoopAsync: Polling on remoteEndPoint: 127.0.0.1:63231 localEndPoint: 127.0.0.1:63230 after 999 ms
TpTrace Verbose: 0 : 19880, 7, 2026/05/10, 15:49:32.668, 14711008332314, vstest.console.dll, TcpClientExtensions.MessageLoopAsync: Polling on remoteEndPoint: 127.0.0.1:63231 localEndPoint: 127.0.0.1:63230 after 1001 ms
TpTrace Verbose: 0 : 19880, 7, 2026/05/10, 15:49:33.682, 14711018473237, vstest.console.dll, TcpClientExtensions.MessageLoopAsync: Polling on remoteEndPoint: 127.0.0.1:63231 localEndPoint: 127.0.0.1:63230 after 1013 ms
TpTrace Verbose: 0 : 19880, 7, 2026/05/10, 15:49:34.683, 14711028480952, vstest.console.dll, TcpClientExtensions.MessageLoopAsync: Polling on remoteEndPoint: 127.0.0.1:63231 localEndPoint: 127.0.0.1:63230 after 1000 ms
TpTrace Verbose: 0 : 19880, 7, 2026/05/10, 15:49:35.684, 14711038491118, vstest.console.dll, TcpClientExtensions.MessageLoopAsync: Polling on remoteEndPoint: 127.0.0.1:63231 localEndPoint: 127.0.0.1:63230 after 1000 ms
TpTrace Verbose: 0 : 19880, 7, 2026/05/10, 15:49:36.700, 14711048654970, vstest.console.dll, TcpClientExtensions.MessageLoopAsync: Polling on remoteEndPoint: 127.0.0.1:63231 localEndPoint: 127.0.0.1:63230 after 1016 ms
TpTrace Verbose: 0 : 19880, 7, 2026/05/10, 15:49:37.701, 14711058661707, vstest.console.dll, TcpClientExtensions.MessageLoopAsync: Polling on remoteEndPoint: 127.0.0.1:63231 localEndPoint: 127.0.0.1:63230 after 1000 ms
TpTrace Verbose: 0 : 19880, 7, 2026/05/10, 15:49:38.715, 14711068802532, vstest.console.dll, TcpClientExtensions.MessageLoopAsync: Polling on remoteEndPoint: 127.0.0.1:63231 localEndPoint: 127.0.0.1:63230 after 1013 ms
TpTrace Verbose: 0 : 19880, 7, 2026/05/10, 15:49:39.730, 14711078957804, vstest.console.dll, TcpClientExtensions.MessageLoopAsync: Polling on remoteEndPoint: 127.0.0.1:63231 localEndPoint: 127.0.0.1:63230 after 1015 ms
TpTrace Verbose: 0 : 19880, 7, 2026/05/10, 15:49:40.745, 14711089104889, vstest.console.dll, TcpClientExtensions.MessageLoopAsync: Polling on remoteEndPoint: 127.0.0.1:63231 localEndPoint: 127.0.0.1:63230 after 1014 ms
TpTrace Verbose: 0 : 19880, 7, 2026/05/10, 15:49:41.760, 14711099251767, vstest.console.dll, TcpClientExtensions.MessageLoopAsync: Polling on remoteEndPoint: 127.0.0.1:63231 localEndPoint: 127.0.0.1:63230 after 1014 ms
TpTrace Verbose: 0 : 19880, 7, 2026/05/10, 15:49:42.775, 14711109403308, vstest.console.dll, TcpClientExtensions.MessageLoopAsync: Polling on remoteEndPoint: 127.0.0.1:63231 localEndPoint: 127.0.0.1:63230 after 1014 ms
TpTrace Verbose: 0 : 19880, 7, 2026/05/10, 15:49:43.789, 14711119547161, vstest.console.dll, TcpClientExtensions.MessageLoopAsync: Polling on remoteEndPoint: 127.0.0.1:63231 localEndPoint: 127.0.0.1:63230 after 1014 ms
TpTrace Verbose: 0 : 19880, 7, 2026/05/10, 15:49:44.790, 14711129550267, vstest.console.dll, TcpClientExtensions.MessageLoopAsync: Polling on remoteEndPoint: 127.0.0.1:63231 localEndPoint: 127.0.0.1:63230 after 1000 ms
TpTrace Verbose: 0 : 19880, 7, 2026/05/10, 15:49:45.804, 14711139697314, vstest.console.dll, TcpClientExtensions.MessageLoopAsync: Polling on remoteEndPoint: 127.0.0.1:63231 localEndPoint: 127.0.0.1:63230 after 1014 ms
TpTrace Verbose: 0 : 19880, 7, 2026/05/10, 15:49:46.819, 14711149846730, vstest.console.dll, TcpClientExtensions.MessageLoopAsync: Polling on remoteEndPoint: 127.0.0.1:63231 localEndPoint: 127.0.0.1:63230 after 1014 ms
TpTrace Verbose: 0 : 19880, 7, 2026/05/10, 15:49:47.835, 14711160008561, vstest.console.dll, TcpClientExtensions.MessageLoopAsync: Polling on remoteEndPoint: 127.0.0.1:63231 localEndPoint: 127.0.0.1:63230 after 1015 ms
TpTrace Verbose: 0 : 19880, 7, 2026/05/10, 15:49:48.850, 14711170153097, vstest.console.dll, TcpClientExtensions.MessageLoopAsync: Polling on remoteEndPoint: 127.0.0.1:63231 localEndPoint: 127.0.0.1:63230 after 1014 ms
TpTrace Verbose: 0 : 19880, 7, 2026/05/10, 15:49:49.852, 14711180175879, vstest.console.dll, TcpClientExtensions.MessageLoopAsync: Polling on remoteEndPoint: 127.0.0.1:63231 localEndPoint: 127.0.0.1:63230 after 1002 ms
TpTrace Verbose: 0 : 19880, 7, 2026/05/10, 15:49:50.868, 14711190338075, vstest.console.dll, TcpClientExtensions.MessageLoopAsync: Polling on remoteEndPoint: 127.0.0.1:63231 localEndPoint: 127.0.0.1:63230 after 1016 ms
TpTrace Verbose: 0 : 19880, 7, 2026/05/10, 15:49:51.883, 14711200483657, vstest.console.dll, TcpClientExtensions.MessageLoopAsync: Polling on remoteEndPoint: 127.0.0.1:63231 localEndPoint: 127.0.0.1:63230 after 1014 ms
TpTrace Verbose: 0 : 19880, 7, 2026/05/10, 15:49:52.883, 14711210486178, vstest.console.dll, TcpClientExtensions.MessageLoopAsync: Polling on remoteEndPoint: 127.0.0.1:63231 localEndPoint: 127.0.0.1:63230 after 1000 ms
TpTrace Verbose: 0 : 19880, 7, 2026/05/10, 15:49:53.885, 14711220505553, vstest.console.dll, TcpClientExtensions.MessageLoopAsync: Polling on remoteEndPoint: 127.0.0.1:63231 localEndPoint: 127.0.0.1:63230 after 1001 ms
TpTrace Verbose: 0 : 19880, 7, 2026/05/10, 15:49:54.901, 14711230660228, vstest.console.dll, TcpClientExtensions.MessageLoopAsync: Polling on remoteEndPoint: 127.0.0.1:63231 localEndPoint: 127.0.0.1:63230 after 1015 ms
TpTrace Verbose: 0 : 19880, 7, 2026/05/10, 15:49:55.917, 14711240825490, vstest.console.dll, TcpClientExtensions.MessageLoopAsync: Polling on remoteEndPoint: 127.0.0.1:63231 localEndPoint: 127.0.0.1:63230 after 1016 ms
TpTrace Verbose: 0 : 19880, 7, 2026/05/10, 15:49:56.918, 14711250837629, vstest.console.dll, TcpClientExtensions.MessageLoopAsync: Polling on remoteEndPoint: 127.0.0.1:63231 localEndPoint: 127.0.0.1:63230 after 1001 ms
TpTrace Verbose: 0 : 19880, 7, 2026/05/10, 15:49:57.933, 14711260980858, vstest.console.dll, TcpClientExtensions.MessageLoopAsync: Polling on remoteEndPoint: 127.0.0.1:63231 localEndPoint: 127.0.0.1:63230 after 1014 ms
TpTrace Verbose: 0 : 19880, 7, 2026/05/10, 15:49:58.947, 14711271128586, vstest.console.dll, TcpClientExtensions.MessageLoopAsync: Polling on remoteEndPoint: 127.0.0.1:63231 localEndPoint: 127.0.0.1:63230 after 1014 ms
TpTrace Verbose: 0 : 19880, 7, 2026/05/10, 15:49:59.962, 14711281278267, vstest.console.dll, TcpClientExtensions.MessageLoopAsync: Polling on remoteEndPoint: 127.0.0.1:63231 localEndPoint: 127.0.0.1:63230 after 1014 ms
TpTrace Verbose: 0 : 19880, 7, 2026/05/10, 15:50:00.962, 14711291278365, vstest.console.dll, TcpClientExtensions.MessageLoopAsync: Polling on remoteEndPoint: 127.0.0.1:63231 localEndPoint: 127.0.0.1:63230 after 999 ms
TpTrace Verbose: 0 : 19880, 7, 2026/05/10, 15:50:01.964, 14711301292996, vstest.console.dll, TcpClientExtensions.MessageLoopAsync: Polling on remoteEndPoint: 127.0.0.1:63231 localEndPoint: 127.0.0.1:63230 after 1001 ms
